{"stats":{"minecraft:mined":{"minecraft:grass_block":2},"minecraft:used":{"minecraft:dirt":1,"minecraft:wooden_shovel":2},"minecraft:custom":{"minecraft:jump":3,"minecraft:time_since_rest":306,"minecraft:damage_dealt":70,"minecraft:crouch_one_cm":735,"minecraft:deaths":1,"minecraft:play_time":1377,"minecraft:damage_taken":356,"minecraft:time_since_death":240,"minecraft:walk_one_cm":513,"minecraft:sneak_time":238,"minecraft:total_world_time":1377,"minecraft:damage_resisted":9,"minecraft:fly_one_cm":248},"minecraft:picked_up":{"minecraft:dirt":2}},"DataVersion":3465}