{"stats":{"minecraft:mined":{"minecraft:oak_log":2,"minecraft:grass_block":8},"minecraft:used":{"minecraft:dirt":2,"minecraft:wooden_shovel":2},"minecraft:custom":{"minecraft:jump":32,"minecraft:time_since_rest":52,"minecraft:sprint_one_cm":213,"minecraft:damage_dealt":517,"minecraft:crouch_one_cm":5578,"minecraft:deaths":11,"minecraft:play_time":13377,"minecraft:damage_taken":4128,"minecraft:time_since_death":18,"minecraft:walk_one_cm":9594,"minecraft:sneak_time":2424,"minecraft:total_world_time":13377,"minecraft:damage_resisted":59,"minecraft:mob_kills":1,"minecraft:fly_one_cm":3499},"minecraft:picked_up":{"minecraft:oak_log":3,"minecraft:dirt":7},"minecraft:crafted":{"minecraft:oak_planks":8}},"DataVersion":3465}