{"stats":{"minecraft:mined":{"minecraft:grass_block":18,"minecraft:oak_log":10,"minecraft:dirt":2,"minecraft:clay":3},"minecraft:used":{"minecraft:wooden_axe":1,"minecraft:dirt":5,"minecraft:birch_sapling":1,"minecraft:wooden_shovel":3},"minecraft:custom":{"minecraft:time_since_rest":15412,"minecraft:open_chest":4,"minecraft:walk_one_cm":71789,"minecraft:crouch_one_cm":9156,"minecraft:play_time":29348,"minecraft:sprint_one_cm":3752,"minecraft:damage_taken":4506,"minecraft:deaths":12,"minecraft:sneak_time":4617,"minecraft:mob_kills":1,"minecraft:jump":349,"minecraft:damage_dealt":617,"minecraft:leave_game":1,"minecraft:time_since_death":15382,"minecraft:total_world_time":29348,"minecraft:damage_resisted":59,"minecraft:fall_one_cm":8360,"minecraft:interact_with_crafting_table":2,"minecraft:fly_one_cm":13089},"minecraft:picked_up":{"minecraft:birch_log":1,"minecraft:oak_log":6,"minecraft:dirt":17},"minecraft:crafted":{"minecraft:oak_planks":20,"minecraft:wooden_shovel":1,"minecraft:stick":4,"minecraft:wooden_axe":1}},"DataVersion":3465}