{"stats":{"minecraft:used":{"minecraft:stone_sword":15,"minecraft:stone_pickaxe":152,"minecraft:wooden_pickaxe":37,"minecraft:wooden_shovel":128,"minecraft:dirt":7,"minecraft:wooden_axe":26,"minecraft:grass_block":1,"minecraft:stone_axe":5},"minecraft:dropped":{"minecraft:oak_log":32,"minecraft:birch_sapling":1,"minecraft:cobblestone":1,"minecraft:clay_ball":8,"minecraft:oak_planks":3,"minecraft:leather":3,"minecraft:apple":1,"minecraft:carrot":1,"minecraft:pumpkin_seeds":1,"minecraft:stick":3,"minecraft:flint":2,"minecraft:dirt":10,"minecraft:torch":1,"minecraft:wooden_axe":2,"minecraft:chest":1,"minecraft:wooden_shovel":2,"minecraft:wooden_pickaxe":1,"minecraft:birch_log":1,"minecraft:egg":1},"minecraft:custom":{"minecraft:interact_with_furnace":1,"minecraft:mob_kills":3,"minecraft:interact_with_crafting_table":12,"minecraft:time_since_death":1172,"minecraft:damage_resisted":16,"minecraft:time_since_rest":1196,"minecraft:sprint_one_cm":10681,"minecraft:damage_taken":4316,"minecraft:walk_one_cm":77513,"minecraft:drop":24,"minecraft:damage_dealt":974,"minecraft:fly_one_cm":30400,"minecraft:open_chest":50,"minecraft:crouch_one_cm":11659,"minecraft:play_time":41043,"minecraft:deaths":11,"minecraft:sneak_time":7009,"minecraft:walk_under_water_one_cm":11416,"minecraft:jump":945,"minecraft:walk_on_water_one_cm":1027,"minecraft:total_world_time":41043,"minecraft:fall_one_cm":1888},"minecraft:broken":{"minecraft:stone_pickaxe":1,"minecraft:wooden_shovel":1},"minecraft:picked_up":{"minecraft:wooden_axe":2,"minecraft:birch_log":19,"minecraft:clay_ball":52,"minecraft:andesite":10,"minecraft:leather":3,"minecraft:flint":2,"minecraft:oak_log":57,"minecraft:gunpowder":1,"minecraft:amethyst_block":18,"minecraft:dirt":96,"minecraft:string":1,"minecraft:raw_copper":78,"minecraft:apple":1,"minecraft:stone_pickaxe":2,"minecraft:calcite":7,"minecraft:wooden_shovel":5,"minecraft:melon_slice":15,"minecraft:chest":1,"minecraft:birch_sapling":2,"minecraft:oak_planks":6,"minecraft:egg":1,"minecraft:stick":15,"minecraft:raw_iron":9,"minecraft:pumpkin":4,"minecraft:torch":1,"minecraft:gravel":6,"minecraft:diorite":25,"minecraft:carrot":1,"minecraft:pumpkin_seeds":1,"minecraft:stone_axe":1,"minecraft:granite":7,"minecraft:coal":13,"minecraft:cobblestone":50},"minecraft:killed":{"minecraft:spider":2,"minecraft:creeper":1},"minecraft:crafted":{"minecraft:oak_planks":28,"minecraft:wooden_pickaxe":2,"minecraft:birch_planks":8,"minecraft:stone_axe":1,"minecraft:stick":32,"minecraft:stone_pickaxe":2,"minecraft:wooden_axe":1,"minecraft:stone_sword":1},"minecraft:mined":{"minecraft:clay":17,"minecraft:granite":8,"minecraft:grass_block":110,"minecraft:calcite":8,"minecraft:melon":9,"minecraft:copper_ore":20,"minecraft:diorite":12,"minecraft:amethyst_block":12,"minecraft:birch_sapling":1,"minecraft:birch_log":20,"minecraft:iron_ore":9,"minecraft:andesite":12,"minecraft:pumpkin":6,"minecraft:oak_log":47,"minecraft:coal_ore":13,"minecraft:gravel":19,"minecraft:dirt":27,"minecraft:stone":58,"minecraft:podzol":19}},"DataVersion":3465}