{"stats":{"minecraft:used":{"minecraft:dirt":1,"minecraft:wooden_shovel":27},"minecraft:picked_up":{"minecraft:oak_log":1,"minecraft:dirt":1},"minecraft:custom":{"minecraft:jump":6,"minecraft:open_chest":5,"minecraft:time_since_rest":2696,"minecraft:damage_dealt":133,"minecraft:crouch_one_cm":5540,"minecraft:deaths":3,"minecraft:play_time":5292,"minecraft:damage_taken":1108,"minecraft:time_since_death":2666,"minecraft:walk_one_cm":4732,"minecraft:sneak_time":2871,"minecraft:total_world_time":5292,"minecraft:damage_resisted":16,"minecraft:interact_with_crafting_table":1,"minecraft:fly_one_cm":8100},"minecraft:mined":{"minecraft:grass_block":26,"minecraft:oak_log":10}},"DataVersion":3465}