{"stats":{"minecraft:used":{"minecraft:wooden_axe":26,"minecraft:stone_pickaxe":26,"minecraft:wooden_pickaxe":37,"minecraft:wooden_shovel":120,"minecraft:dirt":7},"minecraft:dropped":{"minecraft:dirt":10,"minecraft:oak_log":32,"minecraft:torch":1,"minecraft:wooden_axe":2,"minecraft:birch_sapling":1,"minecraft:chest":1,"minecraft:wooden_shovel":2,"minecraft:oak_planks":3,"minecraft:clay_ball":8,"minecraft:leather":3,"minecraft:apple":1,"minecraft:wooden_pickaxe":1,"minecraft:birch_log":1,"minecraft:pumpkin_seeds":1,"minecraft:carrot":1,"minecraft:egg":1,"minecraft:stick":3,"minecraft:flint":2},"minecraft:broken":{"minecraft:wooden_shovel":1},"minecraft:custom":{"minecraft:time_since_rest":1021,"minecraft:interact_with_furnace":1,"minecraft:sprint_one_cm":717,"minecraft:damage_taken":3181,"minecraft:walk_one_cm":53524,"minecraft:drop":23,"minecraft:damage_dealt":393,"minecraft:interact_with_crafting_table":7,"minecraft:fly_one_cm":10390,"minecraft:open_chest":41,"minecraft:walk_under_water_one_cm":3069,"minecraft:crouch_one_cm":10033,"minecraft:play_time":29292,"minecraft:deaths":8,"minecraft:sneak_time":6097,"minecraft:jump":867,"minecraft:walk_on_water_one_cm":263,"minecraft:time_since_death":997,"minecraft:total_world_time":29292,"minecraft:damage_resisted":16,"minecraft:fall_one_cm":335},"minecraft:picked_up":{"minecraft:wooden_axe":2,"minecraft:stick":5,"minecraft:raw_iron":4,"minecraft:clay_ball":52,"minecraft:pumpkin":4,"minecraft:andesite":1,"minecraft:leather":3,"minecraft:torch":1,"minecraft:gravel":6,"minecraft:flint":2,"minecraft:oak_log":49,"minecraft:diorite":3,"minecraft:carrot":1,"minecraft:dirt":64,"minecraft:raw_copper":19,"minecraft:pumpkin_seeds":1,"minecraft:apple":1,"minecraft:stone_pickaxe":1,"minecraft:oak_planks":6,"minecraft:wooden_shovel":5,"minecraft:melon_slice":15,"minecraft:coal":3,"minecraft:chest":1,"minecraft:birch_sapling":2,"minecraft:cobblestone":19,"minecraft:egg":1,"minecraft:birch_log":15},"minecraft:crafted":{"minecraft:oak_planks":20,"minecraft:stick":16,"minecraft:wooden_pickaxe":2,"minecraft:stone_pickaxe":1,"minecraft:wooden_axe":1,"minecraft:birch_planks":8},"minecraft:mined":{"minecraft:podzol":19,"minecraft:iron_ore":2,"minecraft:birch_log":18,"minecraft:andesite":2,"minecraft:pumpkin":6,"minecraft:clay":17,"minecraft:coal_ore":2,"minecraft:grass_block":108,"minecraft:oak_log":42,"minecraft:melon":9,"minecraft:gravel":19,"minecraft:dirt":6,"minecraft:copper_ore":1,"minecraft:birch_sapling":1,"minecraft:stone":36,"minecraft:amethyst_block":1,"minecraft:diorite":1}},"DataVersion":3465}