{"stats":{"minecraft:used":{"minecraft:wooden_shovel":71,"minecraft:dirt":7},"minecraft:dropped":{"minecraft:dirt":4,"minecraft:oak_log":27,"minecraft:torch":1,"minecraft:wooden_axe":1,"minecraft:birch_sapling":1,"minecraft:wooden_shovel":1,"minecraft:clay_ball":8,"minecraft:leather":3,"minecraft:apple":1,"minecraft:carrot":1,"minecraft:stick":1,"minecraft:flint":2},"minecraft:broken":{"minecraft:wooden_shovel":1},"minecraft:custom":{"minecraft:time_since_rest":2356,"minecraft:sprint_one_cm":84,"minecraft:damage_taken":1528,"minecraft:walk_one_cm":23478,"minecraft:drop":12,"minecraft:damage_dealt":168,"minecraft:interact_with_crafting_table":2,"minecraft:fly_one_cm":8492,"minecraft:open_chest":15,"minecraft:crouch_one_cm":9655,"minecraft:play_time":17292,"minecraft:deaths":4,"minecraft:sneak_time":6034,"minecraft:jump":333,"minecraft:walk_on_water_one_cm":47,"minecraft:time_since_death":2333,"minecraft:total_world_time":17292,"minecraft:damage_resisted":16},"minecraft:picked_up":{"minecraft:wooden_axe":1,"minecraft:stick":1,"minecraft:clay_ball":36,"minecraft:pumpkin":3,"minecraft:leather":3,"minecraft:torch":1,"minecraft:gravel":4,"minecraft:flint":2,"minecraft:oak_log":36,"minecraft:carrot":1,"minecraft:dirt":43,"minecraft:apple":1,"minecraft:wooden_shovel":1,"minecraft:melon_slice":15,"minecraft:birch_sapling":1,"minecraft:birch_log":2},"minecraft:mined":{"minecraft:podzol":12,"minecraft:birch_log":8,"minecraft:pumpkin":4,"minecraft:clay":11,"minecraft:grass_block":87,"minecraft:oak_log":30,"minecraft:melon":8,"minecraft:gravel":8,"minecraft:dirt":4}},"DataVersion":3465}