{"stats":{"minecraft:picked_up":{"minecraft:wooden_axe":2,"minecraft:birch_log":30,"minecraft:crafting_table":1,"minecraft:golden_carrot":1,"minecraft:clay_ball":108,"minecraft:andesite":7,"minecraft:wooden_pickaxe":5,"minecraft:flint":13,"minecraft:oak_log":63,"minecraft:amethyst_block":2,"minecraft:string":2,"minecraft:dirt":179,"minecraft:raw_copper":79,"minecraft:apple":3,"minecraft:oak_fence_gate":2,"minecraft:wooden_shovel":5,"minecraft:melon_slice":43,"minecraft:chest":1,"minecraft:birch_sapling":1,"minecraft:oak_planks":1,"minecraft:egg":8,"minecraft:raw_iron":6,"minecraft:smooth_basalt":1,"minecraft:pumpkin":4,"minecraft:oak_fence":6,"minecraft:torch":9,"minecraft:gravel":53,"minecraft:diorite":6,"minecraft:granite":3,"minecraft:coal":8,"minecraft:cobblestone":71},"minecraft:used":{"minecraft:oak_fence":48,"minecraft:water_bucket":1,"minecraft:stone_pickaxe":18,"minecraft:chest":1,"minecraft:wooden_pickaxe":95,"minecraft:wooden_shovel":220,"minecraft:torch":10,"minecraft:dirt":159,"minecraft:crafting_table":2,"minecraft:oak_fence_gate":8,"minecraft:wooden_axe":98,"minecraft:grass_block":1,"minecraft:furnace":1},"minecraft:crafted":{"minecraft:oak_planks":180,"minecraft:wooden_shovel":5,"minecraft:crafting_table":1,"minecraft:wooden_pickaxe":2,"minecraft:furnace":1,"minecraft:air":0,"minecraft:oak_fence_gate":8,"minecraft:stick":112,"minecraft:iron_ingot":2,"minecraft:stone_pickaxe":2,"minecraft:wooden_axe":5,"minecraft:torch":8,"minecraft:oak_fence":51},"minecraft:mined":{"minecraft:podzol":30,"minecraft:clay":24,"minecraft:crafting_table":1,"minecraft:torch":4,"minecraft:granite":3,"minecraft:grass_block":122,"minecraft:melon":8,"minecraft:copper_ore":12,"minecraft:diorite":5,"minecraft:wall_torch":1,"minecraft:amethyst_block":2,"minecraft:birch_sapling":1,"minecraft:birch_log":27,"minecraft:iron_ore":4,"minecraft:andesite":7,"minecraft:pumpkin":4,"minecraft:oak_log":53,"minecraft:coal_ore":5,"minecraft:gravel":40,"minecraft:dirt":18,"minecraft:smooth_basalt":1,"minecraft:stone":58},"minecraft:broken":{"minecraft:wooden_shovel":4,"minecraft:wooden_axe":1,"minecraft:wooden_pickaxe":1},"minecraft:custom":{"minecraft:interact_with_furnace":7,"minecraft:mob_kills":3,"minecraft:interact_with_crafting_table":30,"minecraft:leave_game":1,"minecraft:time_since_death":2609,"minecraft:damage_resisted":30,"minecraft:time_since_rest":2646,"minecraft:sprint_one_cm":18167,"minecraft:damage_taken":8084,"minecraft:walk_one_cm":93295,"minecraft:damage_dealt":2615,"minecraft:fly_one_cm":16296,"minecraft:open_chest":147,"minecraft:crouch_one_cm":46658,"minecraft:play_time":79951,"minecraft:deaths":22,"minecraft:sneak_time":26280,"minecraft:walk_under_water_one_cm":716,"minecraft:jump":112,"minecraft:walk_on_water_one_cm":1087,"minecraft:total_world_time":79951,"minecraft:fall_one_cm":211},"minecraft:killed":{"minecraft:spider":2}},"DataVersion":3465}