{"stats":{"minecraft:custom":{"minecraft:interact_with_smithing_table":13,"minecraft:mob_kills":81,"minecraft:interact_with_crafting_table":145,"minecraft:open_barrel":111,"minecraft:interact_with_campfire":5,"minecraft:damage_dealt_resisted":466,"minecraft:leave_game":5,"minecraft:time_since_death":3811,"minecraft:damage_resisted":30,"minecraft:climb_one_cm":20949,"minecraft:sprint_one_cm":187129,"minecraft:walk_one_cm":733966,"minecraft:drop":98,"minecraft:play_noteblock":4,"minecraft:play_time":478711,"minecraft:sneak_time":163735,"minecraft:deaths":48,"minecraft:walk_under_water_one_cm":716,"minecraft:jump":1783,"minecraft:walk_on_water_one_cm":1087,"minecraft:total_world_time":478711,"minecraft:interact_with_furnace":136,"minecraft:play_record":10,"minecraft:tune_noteblock":29,"minecraft:sleep_in_bed":3,"minecraft:time_since_rest":3838,"minecraft:damage_taken":18925,"minecraft:damage_dealt":22282,"minecraft:fly_one_cm":200266,"minecraft:open_chest":1426,"minecraft:crouch_one_cm":252509,"minecraft:fall_one_cm":28688},"minecraft:mined":{"minecraft:dark_prismarine":13,"minecraft:deepslate_tiles":50,"minecraft:diamond_ore":7,"minecraft:spruce_planks":5,"minecraft:tuff":68,"minecraft:deepslate_diamond_ore":13,"minecraft:dark_oak_log":35,"minecraft:sea_lantern":5,"minecraft:ladder":2,"minecraft:granite":122,"minecraft:budding_amethyst":26,"minecraft:grass_block":229,"minecraft:dead_tube_coral_block":1,"minecraft:deepslate_bricks":99,"minecraft:bubble_coral_block":5,"minecraft:tube_coral_block":2,"minecraft:moss_block":108,"tacz:gun_smith_table":2,"minecraft:rooted_dirt":37,"minecraft:raw_iron_block":2,"minecraft:furnace":1,"minecraft:raw_gold_block":5,"minecraft:iron_ore":79,"minecraft:barrel":2,"minecraft:cobbled_deepslate":19,"minecraft:andesite":84,"minecraft:green_terracotta":6,"minecraft:pumpkin":7,"minecraft:deepslate_lapis_ore":30,"minecraft:dead_horn_coral_block":2,"minecraft:oak_sign":1,"minecraft:deepslate_iron_ore":38,"minecraft:oak_stairs":3,"minecraft:packed_ice":33,"minecraft:stone":314,"minecraft:brain_coral_block":12,"minecraft:fire_coral_block":1,"minecraft:podzol":33,"minecraft:gray_terracotta":13,"minecraft:cyan_terracotta":5,"minecraft:powder_snow":15,"minecraft:clay":33,"minecraft:oak_fence":2,"minecraft:crafting_table":2,"minecraft:light_gray_terracotta":15,"minecraft:torch":7,"minecraft:note_block":3,"minecraft:sponge":2,"minecraft:calcite":108,"minecraft:melon":11,"minecraft:chest":9,"create:water_wheel":1,"minecraft:copper_ore":104,"endofherobrine:glowing_obsidian":1,"minecraft:cobblestone":7,"minecraft:deepslate_coal_ore":32,"minecraft:deepslate_gold_ore":40,"minecraft:lapis_ore":14,"minecraft:dried_kelp_block":5,"minecraft:oak_planks":40,"minecraft:prismarine":40,"minecraft:diorite":132,"minecraft:wall_torch":1,"minecraft:amethyst_block":134,"minecraft:deepslate_copper_ore":53,"minecraft:birch_sapling":1,"minecraft:prismarine_bricks":14,"minecraft:white_terracotta":33,"minecraft:dead_fire_coral_block":1,"minecraft:blue_terracotta":8,"minecraft:sweet_berry_bush":5,"minecraft:birch_log":42,"minecraft:blue_ice":13,"minecraft:spruce_log":36,"minecraft:dead_brain_coral_block":1,"minecraft:coal_ore":54,"minecraft:oak_log":130,"minecraft:gravel":60,"minecraft:dirt":74,"minecraft:sand":11,"minecraft:dripstone_block":84,"minecraft:smooth_basalt":64,"minecraft:terracotta":18,"minecraft:raw_copper_block":3,"minecraft:gold_ore":26,"minecraft:horn_coral_block":6,"minecraft:deepslate":201,"minecraft:suspicious_gravel":7},"minecraft:picked_up":{"minecraft:wooden_axe":2,"minecraft:music_disc_5":2,"minecraft:music_disc_strad":4,"minecraft:crafting_table":2,"minecraft:chainmail_boots":1,"minecraft:chicken":6,"minecraft:ladder":3,"minecraft:clay_ball":148,"minecraft:wooden_pickaxe":5,"minecraft:oak_stairs":3,"minecraft:cooked_rabbit":2,"minecraft:dead_horn_coral_block":8,"minecraft:golden_sword":3,"minecraft:amethyst_block":135,"minecraft:string":13,"minecraft:dead_tube_coral_block":3,"minecraft:raw_copper":656,"tacz:ammo":300,"minecraft:oak_sign":1,"create:water_wheel":1,"minecraft:deepslate_tiles":61,"minecraft:candle":1,"minecraft:cobbled_deepslate":215,"minecraft:spruce_planks":4,"minecraft:calcite":106,"minecraft:azalea":1,"minecraft:wooden_shovel":5,"minecraft:iron_pickaxe":1,"minecraft:melon_slice":57,"minecraft:chest":11,"minecraft:birch_sapling":4,"minecraft:furnace":1,"minecraft:raw_copper_block":1,"minecraft:egg":11,"minecraft:golden_helmet":2,"minecraft:raw_iron":130,"minecraft:raw_gold_block":5,"minecraft:copper_ingot":1,"minecraft:oak_fence":9,"minecraft:torch":19,"minecraft:acacia_log":5,"minecraft:note_block":3,"minecraft:diorite":140,"minecraft:prismarine_crystals":12,"minecraft:green_terracotta":9,"minecraft:arrow":13,"minecraft:rotten_flesh":25,"minecraft:cooked_cod":3,"minecraft:music_disc_ward":1,"minecraft:deepslate_bricks":110,"minecraft:cyan_terracotta":5,"minecraft:white_terracotta":31,"minecraft:glow_berries":2,"minecraft:cod":3,"minecraft:white_wool":3,"minecraft:cobblestone":339,"minecraft:sponge":2,"minecraft:birch_log":45,"minecraft:leather_chestplate":1,"minecraft:feather":3,"minecraft:golden_carrot":1,"minecraft:andesite":85,"minecraft:flint":14,"minecraft:tuff":75,"minecraft:oak_log":136,"minecraft:prismarine_bricks":8,"minecraft:gunpowder":11,"minecraft:lapis_lazuli":268,"minecraft:dirt":356,"minecraft:bone":6,"minecraft:apple":3,"shy_guy:disturbing_photo":1,"minecraft:gray_terracotta":11,"minecraft:raw_gold":64,"minecraft:rabbit_hide":1,"minecraft:oak_fence_gate":2,"minecraft:stone_pickaxe":2,"minecraft:rabbit":4,"tacz:gun_smith_table":2,"minecraft:moss_block":150,"minecraft:prismarine":28,"minecraft:oak_planks":59,"minecraft:smooth_basalt":63,"minecraft:pumpkin":7,"minecraft:music_disc_13":1,"minecraft:sweet_berries":38,"minecraft:raw_iron_block":2,"minecraft:dripstone_block":94,"minecraft:gravel":72,"minecraft:dead_fire_coral_block":2,"minecraft:sand":11,"minecraft:spruce_log":36,"minecraft:dark_oak_log":35,"minecraft:spider_eye":5,"minecraft:barrel":2,"minecraft:dark_prismarine":12,"minecraft:light_gray_terracotta":13,"minecraft:pumpkin_seeds":1,"minecraft:dried_kelp_block":5,"minecraft:blue_terracotta":8,"minecraft:diamond":19,"minecraft:stone_axe":3,"tacz:modern_kinetic_gun":2,"minecraft:dead_bubble_coral_block":5,"minecraft:dead_brain_coral_block":13,"minecraft:granite":128,"minecraft:terracotta":18,"minecraft:rooted_dirt":38,"minecraft:oak_sapling":5,"minecraft:melon_seeds":1,"minecraft:coal":99},"minecraft:broken":{"minecraft:wooden_shovel":4,"minecraft:wooden_pickaxe":2,"minecraft:stone_pickaxe":7,"minecraft:stone_axe":1,"minecraft:iron_pickaxe":1,"minecraft:wooden_axe":1},"minecraft:dropped":{"minecraft:golden_helmet":1,"minecraft:torch":2,"minecraft:melon_slice":3,"minecraft:cooked_cod":2,"minecraft:iron_pickaxe":1,"minecraft:stone_axe":1,"minecraft:sweet_berries":11,"minecraft:cobbled_deepslate":14,"minecraft:rotten_flesh":29,"minecraft:prismarine":11,"shy_guy:disturbing_photo":1,"minecraft:oak_sign":1,"minecraft:deepslate_bricks":22,"minecraft:deepslate_tiles":8,"minecraft:golden_sword":2,"minecraft:stone_pickaxe":2},"minecraft:used":{"minecraft:moss_block":7,"minecraft:writable_book":1,"minecraft:ladder":5,"minecraft:chest":12,"minecraft:spruce_planks":5,"tacz:gun_smith_table":3,"minecraft:white_terracotta":3,"minecraft:iron_sword":1,"minecraft:music_disc_5":2,"minecraft:wooden_shovel":237,"minecraft:torch":24,"minecraft:dirt":192,"minecraft:spyglass":2,"minecraft:music_disc_13":1,"minecraft:snowball":5,"minecraft:tuff":11,"minecraft:granite":42,"minecraft:oak_fence_gate":8,"minecraft:wooden_axe":100,"minecraft:panda_spawn_egg":1,"minecraft:music_disc_ward":2,"minecraft:grass_block":1,"minecraft:barrel":7,"minecraft:smooth_basalt":18,"minecraft:golden_carrot":3,"farmersdelight:cutting_board":1,"minecraft:sweet_berries":30,"minecraft:furnace":2,"minecraft:egg":12,"minecraft:cobbled_deepslate":25,"minecraft:powder_snow_bucket":3,"minecraft:calcite":10,"minecraft:water_bucket":1,"minecraft:diorite":56,"minecraft:stone_pickaxe":1389,"minecraft:prismarine":1,"minecraft:oak_planks":104,"minecraft:wooden_pickaxe":106,"minecraft:leather_chestplate":1,"minecraft:cauldron":1,"minecraft:sheep_spawn_egg":1,"minecraft:glow_berries":2,"minecraft:white_bed":1,"minecraft:campfire":1,"minecraft:crafting_table":3,"minecraft:note_block":3,"minecraft:music_disc_strad":5,"minecraft:deepslate_tiles":5,"minecraft:gray_terracotta":5,"minecraft:diamond_pickaxe":1,"minecraft:iron_pickaxe":945,"minecraft:melon_slice":52,"create:water_wheel":2,"minecraft:stone_axe":497,"minecraft:cobbled_deepslate_slab":1,"minecraft:cobblestone":8,"minecraft:smithing_table":1,"minecraft:andesite":13,"minecraft:bucket":2,"minecraft:jukebox":1,"minecraft:oak_fence":51},"minecraft:killed":{"doppelgangermod:dp_creeper":2,"minecraft:spider":14,"minecraft:skeleton":12,"endofherobrine:rabbit":1,"minecraft:chicken":5,"the_knocker:knockerstalk":2,"the_knocker:knockerstalklooked":1,"minecraft:drowned":1,"minecraft:rabbit":1,"minecraft:creeper":11,"minecraft:polar_bear":3,"minecraft:goat":3,"minecraft:zombie":18,"minecraft:stray":3},"minecraft:crafted":{"minecraft:cobbled_deepslate_slab":6,"minecraft:oak_planks":464,"minecraft:raw_iron":18,"minecraft:barrel":6,"minecraft:jukebox":1,"minecraft:iron_nugget":9,"minecraft:furnace":1,"minecraft:raw_copper":9,"minecraft:ladder":3,"minecraft:stone_pickaxe":23,"minecraft:chest":1,"minecraft:dark_oak_planks":4,"minecraft:oak_fence":51,"minecraft:oak_slab":12,"create:andesite_alloy":2,"minecraft:wooden_shovel":6,"minecraft:cauldron":1,"minecraft:crafting_table":1,"minecraft:spruce_planks":24,"tacz:ammo_box":1,"minecraft:wooden_pickaxe":2,"minecraft:smithing_table":1,"tacz:gun_smith_table":1,"minecraft:copper_ingot":276,"minecraft:birch_planks":20,"minecraft:campfire":1,"minecraft:stone_axe":21,"minecraft:air":0,"farmersdelight:cutting_board":1,"minecraft:oak_fence_gate":8,"minecraft:wooden_hoe":1,"create:water_wheel":1,"minecraft:diamond_pickaxe":1,"minecraft:charcoal":3,"minecraft:raw_gold":45,"minecraft:stick":244,"minecraft:iron_ingot":130,"minecraft:iron_pickaxe":13,"minecraft:wooden_axe":5,"minecraft:iron_block":1,"minecraft:gold_ingot":71,"minecraft:white_bed":1,"create:shaft":8,"minecraft:note_block":1,"minecraft:torch":24,"minecraft:shears":1}},"DataVersion":3465}