{"stats":{"minecraft:picked_up":{"minecraft:wooden_axe":2,"minecraft:birch_log":39,"minecraft:crafting_table":2,"minecraft:golden_carrot":1,"minecraft:ladder":2,"minecraft:clay_ball":124,"minecraft:andesite":37,"minecraft:wooden_pickaxe":5,"minecraft:flint":14,"minecraft:oak_log":81,"minecraft:gunpowder":1,"minecraft:amethyst_block":36,"minecraft:dirt":265,"minecraft:string":4,"minecraft:raw_copper":230,"minecraft:bone":1,"minecraft:apple":3,"minecraft:gray_terracotta":8,"minecraft:raw_gold":4,"minecraft:rabbit_hide":1,"minecraft:oak_fence_gate":2,"minecraft:stone_pickaxe":1,"minecraft:calcite":27,"minecraft:azalea":1,"minecraft:wooden_shovel":5,"minecraft:rabbit":4,"tacz:gun_smith_table":2,"minecraft:melon_slice":47,"minecraft:chest":5,"minecraft:birch_sapling":4,"minecraft:oak_planks":56,"minecraft:egg":9,"minecraft:furnace":1,"minecraft:raw_iron":37,"minecraft:smooth_basalt":10,"minecraft:pumpkin":6,"minecraft:oak_fence":6,"minecraft:torch":15,"minecraft:gravel":60,"minecraft:diorite":58,"minecraft:barrel":2,"minecraft:spider_eye":2,"minecraft:pumpkin_seeds":1,"minecraft:arrow":1,"minecraft:rotten_flesh":2,"minecraft:stone_axe":1,"minecraft:granite":51,"minecraft:white_terracotta":12,"minecraft:oak_sapling":5,"minecraft:melon_seeds":1,"minecraft:coal":30,"minecraft:cobblestone":172},"minecraft:used":{"minecraft:oak_fence":48,"minecraft:water_bucket":1,"minecraft:writable_book":1,"minecraft:diorite":49,"minecraft:stone_pickaxe":437,"minecraft:oak_planks":94,"minecraft:ladder":4,"tacz:gun_smith_table":3,"minecraft:chest":6,"minecraft:wooden_pickaxe":106,"minecraft:wooden_shovel":224,"minecraft:torch":22,"minecraft:dirt":191,"minecraft:crafting_table":3,"minecraft:granite":34,"minecraft:oak_fence_gate":8,"minecraft:wooden_axe":100,"minecraft:melon_slice":5,"minecraft:grass_block":1,"minecraft:iron_pickaxe":5,"minecraft:barrel":7,"minecraft:smooth_basalt":1,"minecraft:stone_axe":103,"minecraft:furnace":2,"minecraft:andesite":13,"minecraft:egg":11,"minecraft:calcite":7},"minecraft:crafted":{"minecraft:oak_slab":12,"minecraft:oak_planks":312,"minecraft:wooden_shovel":5,"minecraft:barrel":6,"minecraft:crafting_table":1,"minecraft:wooden_pickaxe":2,"minecraft:furnace":1,"tacz:gun_smith_table":1,"minecraft:copper_ingot":135,"minecraft:stone_axe":7,"minecraft:air":0,"minecraft:oak_fence_gate":8,"minecraft:ladder":3,"minecraft:stick":152,"minecraft:iron_ingot":27,"minecraft:iron_pickaxe":2,"minecraft:stone_pickaxe":12,"minecraft:wooden_axe":5,"minecraft:iron_block":1,"minecraft:chest":1,"minecraft:torch":20,"minecraft:oak_fence":51},"minecraft:mined":{"minecraft:podzol":30,"minecraft:gray_terracotta":8,"minecraft:powder_snow":3,"minecraft:clay":28,"minecraft:crafting_table":2,"minecraft:torch":6,"minecraft:ladder":2,"minecraft:granite":54,"minecraft:grass_block":153,"minecraft:calcite":30,"minecraft:melon":9,"minecraft:chest":4,"minecraft:copper_ore":57,"minecraft:oak_planks":37,"tacz:gun_smith_table":2,"minecraft:diorite":53,"minecraft:wall_torch":1,"minecraft:amethyst_block":36,"minecraft:birch_sapling":1,"minecraft:white_terracotta":12,"minecraft:furnace":1,"minecraft:birch_log":36,"minecraft:iron_ore":35,"minecraft:barrel":2,"minecraft:andesite":36,"minecraft:pumpkin":6,"minecraft:oak_log":71,"minecraft:coal_ore":26,"minecraft:gravel":48,"minecraft:dirt":66,"minecraft:packed_ice":2,"minecraft:smooth_basalt":10,"minecraft:stone":159,"minecraft:gold_ore":4},"minecraft:broken":{"minecraft:wooden_shovel":4,"minecraft:wooden_axe":1,"minecraft:wooden_pickaxe":2,"minecraft:stone_pickaxe":1},"minecraft:custom":{"minecraft:interact_with_furnace":65,"minecraft:mob_kills":11,"minecraft:open_barrel":8,"minecraft:interact_with_crafting_table":72,"minecraft:leave_game":2,"minecraft:time_since_death":14370,"minecraft:damage_resisted":30,"minecraft:climb_one_cm":6655,"minecraft:time_since_rest":14424,"minecraft:sprint_one_cm":78098,"minecraft:damage_taken":11604,"minecraft:walk_one_cm":280717,"minecraft:drop":3,"minecraft:damage_dealt":5235,"minecraft:fly_one_cm":80452,"minecraft:open_chest":498,"minecraft:crouch_one_cm":97106,"minecraft:play_time":183686,"minecraft:deaths":31,"minecraft:sneak_time":57417,"minecraft:walk_under_water_one_cm":716,"minecraft:jump":730,"minecraft:walk_on_water_one_cm":1087,"minecraft:total_world_time":183686,"minecraft:fall_one_cm":11485},"minecraft:killed":{"minecraft:spider":5,"minecraft:rabbit":1,"minecraft:creeper":1,"endofherobrine:rabbit":1,"minecraft:zombie":1,"minecraft:stray":1},"minecraft:dropped":{"minecraft:rotten_flesh":2,"minecraft:stone_pickaxe":1}},"DataVersion":3465}