{"stats":{"minecraft:picked_up":{"minecraft:wooden_axe":2,"minecraft:crafting_table":2,"minecraft:clay_ball":128,"minecraft:ladder":2,"minecraft:wooden_pickaxe":5,"minecraft:amethyst_block":48,"minecraft:string":4,"minecraft:raw_copper":251,"minecraft:calcite":34,"minecraft:azalea":1,"minecraft:wooden_shovel":5,"minecraft:melon_slice":48,"minecraft:chest":5,"minecraft:birch_sapling":4,"minecraft:furnace":1,"minecraft:egg":9,"minecraft:raw_iron":49,"minecraft:raw_gold_block":5,"minecraft:oak_fence":6,"minecraft:torch":15,"minecraft:diorite":75,"minecraft:arrow":2,"minecraft:rotten_flesh":2,"minecraft:white_terracotta":27,"minecraft:cod":3,"minecraft:cobblestone":219,"minecraft:birch_log":39,"minecraft:golden_carrot":1,"minecraft:andesite":56,"minecraft:flint":14,"minecraft:oak_log":85,"minecraft:gunpowder":1,"minecraft:dirt":296,"minecraft:bone":2,"minecraft:apple":3,"shy_guy:disturbing_photo":1,"minecraft:gray_terracotta":8,"minecraft:raw_gold":6,"minecraft:rabbit_hide":1,"minecraft:stone_pickaxe":1,"minecraft:oak_fence_gate":2,"minecraft:rabbit":4,"tacz:gun_smith_table":2,"minecraft:oak_planks":56,"minecraft:smooth_basalt":27,"minecraft:pumpkin":6,"minecraft:raw_iron_block":1,"minecraft:gravel":60,"minecraft:spruce_log":5,"minecraft:spider_eye":2,"minecraft:dark_oak_log":1,"minecraft:barrel":2,"minecraft:pumpkin_seeds":1,"minecraft:blue_terracotta":3,"minecraft:stone_axe":2,"tacz:modern_kinetic_gun":1,"minecraft:granite":73,"minecraft:terracotta":12,"minecraft:oak_sapling":5,"minecraft:melon_seeds":1,"minecraft:coal":31},"minecraft:used":{"minecraft:oak_fence":48,"minecraft:writable_book":1,"minecraft:ladder":4,"tacz:gun_smith_table":3,"minecraft:chest":6,"minecraft:white_terracotta":3,"minecraft:wooden_shovel":224,"minecraft:torch":22,"minecraft:dirt":191,"minecraft:granite":34,"minecraft:oak_fence_gate":8,"minecraft:wooden_axe":100,"minecraft:grass_block":1,"minecraft:barrel":7,"minecraft:smooth_basalt":3,"minecraft:furnace":2,"minecraft:egg":11,"minecraft:calcite":7,"minecraft:water_bucket":1,"minecraft:diorite":49,"minecraft:stone_pickaxe":677,"minecraft:oak_planks":94,"minecraft:wooden_pickaxe":106,"minecraft:crafting_table":3,"minecraft:campfire":1,"minecraft:melon_slice":13,"minecraft:iron_pickaxe":15,"minecraft:stone_axe":149,"minecraft:cobblestone":6,"minecraft:andesite":13},"minecraft:crafted":{"minecraft:oak_planks":316,"minecraft:raw_iron":9,"minecraft:barrel":6,"minecraft:furnace":1,"minecraft:ladder":3,"minecraft:stone_pickaxe":16,"minecraft:chest":1,"minecraft:dark_oak_planks":4,"minecraft:oak_fence":51,"minecraft:oak_slab":12,"minecraft:wooden_shovel":5,"minecraft:crafting_table":1,"minecraft:spruce_planks":8,"minecraft:wooden_pickaxe":2,"tacz:gun_smith_table":1,"minecraft:copper_ingot":155,"minecraft:birch_planks":20,"minecraft:campfire":1,"minecraft:stone_axe":9,"minecraft:air":0,"minecraft:oak_fence_gate":8,"minecraft:charcoal":3,"minecraft:raw_gold":45,"minecraft:stick":168,"minecraft:iron_ingot":48,"minecraft:iron_pickaxe":3,"minecraft:wooden_axe":5,"minecraft:iron_block":1,"minecraft:torch":20},"minecraft:mined":{"minecraft:dark_oak_log":1,"minecraft:granite":76,"minecraft:ladder":2,"minecraft:grass_block":184,"tacz:gun_smith_table":2,"minecraft:raw_iron_block":1,"minecraft:furnace":1,"minecraft:raw_gold_block":5,"minecraft:iron_ore":47,"minecraft:barrel":2,"minecraft:andesite":55,"minecraft:pumpkin":6,"minecraft:packed_ice":23,"minecraft:stone":202,"minecraft:podzol":30,"minecraft:gray_terracotta":8,"minecraft:powder_snow":9,"minecraft:clay":29,"minecraft:crafting_table":2,"minecraft:torch":6,"minecraft:calcite":37,"minecraft:melon":9,"minecraft:chest":4,"minecraft:copper_ore":64,"minecraft:cobblestone":6,"minecraft:oak_planks":37,"minecraft:diorite":71,"minecraft:wall_torch":1,"minecraft:amethyst_block":48,"minecraft:birch_sapling":1,"minecraft:white_terracotta":29,"minecraft:blue_terracotta":3,"minecraft:birch_log":36,"minecraft:blue_ice":5,"minecraft:spruce_log":5,"minecraft:coal_ore":27,"minecraft:oak_log":75,"minecraft:dirt":66,"minecraft:gravel":48,"minecraft:smooth_basalt":27,"minecraft:terracotta":12,"minecraft:gold_ore":8},"minecraft:broken":{"minecraft:wooden_shovel":4,"minecraft:wooden_pickaxe":2,"minecraft:stone_pickaxe":2,"minecraft:wooden_axe":1},"minecraft:custom":{"minecraft:mob_kills":19,"minecraft:interact_with_crafting_table":88,"minecraft:open_barrel":24,"minecraft:leave_game":2,"minecraft:time_since_death":26104,"minecraft:climb_one_cm":12243,"minecraft:damage_resisted":30,"minecraft:sprint_one_cm":93391,"minecraft:walk_one_cm":349956,"minecraft:drop":4,"minecraft:play_time":219686,"minecraft:deaths":35,"minecraft:sneak_time":68894,"minecraft:walk_under_water_one_cm":716,"minecraft:jump":917,"minecraft:walk_on_water_one_cm":1087,"minecraft:total_world_time":219686,"minecraft:interact_with_furnace":81,"minecraft:time_since_rest":26153,"minecraft:damage_taken":13114,"minecraft:damage_dealt":8291,"minecraft:fly_one_cm":97681,"minecraft:open_chest":640,"minecraft:crouch_one_cm":108279,"minecraft:fall_one_cm":16557},"minecraft:killed":{"minecraft:spider":5,"endofherobrine:rabbit":1,"minecraft:rabbit":1,"minecraft:creeper":1,"minecraft:polar_bear":3,"minecraft:goat":3,"minecraft:zombie":1,"minecraft:stray":3},"minecraft:dropped":{"minecraft:rotten_flesh":2,"shy_guy:disturbing_photo":1,"minecraft:stone_pickaxe":1}},"DataVersion":3465}