{"stats":{"minecraft:broken":{"minecraft:wooden_shovel":1},"minecraft:mined":{"minecraft:birch_sapling":1,"minecraft:birch_log":7,"minecraft:pumpkin":4,"minecraft:clay":14,"minecraft:oak_log":27,"minecraft:grass_block":60,"minecraft:melon":8,"minecraft:gravel":14,"minecraft:dirt":4,"minecraft:podzol":9},"minecraft:used":{"minecraft:wooden_axe":33,"minecraft:water_bucket":1,"minecraft:wooden_shovel":78,"minecraft:torch":1,"minecraft:dirt":70,"minecraft:crafting_table":1},"minecraft:custom":{"minecraft:time_since_rest":14604,"minecraft:damage_taken":6357,"minecraft:walk_one_cm":27555,"minecraft:damage_dealt":516,"minecraft:interact_with_crafting_table":13,"minecraft:fly_one_cm":3785,"minecraft:open_chest":50,"minecraft:crouch_one_cm":23308,"minecraft:play_time":33238,"minecraft:deaths":17,"minecraft:sneak_time":11107,"minecraft:walk_under_water_one_cm":716,"minecraft:jump":63,"minecraft:leave_game":1,"minecraft:time_since_death":14540,"minecraft:walk_on_water_one_cm":1087,"minecraft:total_world_time":33238,"minecraft:damage_resisted":30,"minecraft:fall_one_cm":211},"minecraft:picked_up":{"minecraft:birch_log":6,"minecraft:clay_ball":68,"minecraft:pumpkin":4,"minecraft:gravel":10,"minecraft:flint":4,"minecraft:oak_log":31,"minecraft:dirt":75,"minecraft:melon_slice":43,"minecraft:birch_sapling":1},"minecraft:crafted":{"minecraft:oak_planks":48,"minecraft:wooden_shovel":2,"minecraft:crafting_table":1,"minecraft:stick":16,"minecraft:wooden_axe":3}},"DataVersion":3465}