{"stats":{"minecraft:used":{"minecraft:wooden_axe":2,"minecraft:dirt":5,"minecraft:crafting_table":1,"minecraft:wooden_shovel":2},"minecraft:dropped":{"minecraft:dirt":6},"minecraft:picked_up":{"minecraft:clay_ball":40,"minecraft:gravel":4,"minecraft:oak_log":3,"minecraft:azalea":1,"minecraft:melon_slice":25,"minecraft:birch_log":4,"minecraft:dirt":25,"minecraft:egg":1},"minecraft:custom":{"minecraft:time_since_rest":2797,"minecraft:open_chest":33,"minecraft:sprint_one_cm":492,"minecraft:crouch_one_cm":9350,"minecraft:walk_one_cm":29803,"minecraft:play_time":17226,"minecraft:damage_taken":1957,"minecraft:deaths":5,"minecraft:sneak_time":3563,"minecraft:walk_under_water_one_cm":3837,"minecraft:drop":6,"minecraft:jump":17,"minecraft:damage_dealt":28,"minecraft:walk_on_water_one_cm":1200,"minecraft:time_since_death":2749,"minecraft:total_world_time":17226,"minecraft:fall_one_cm":267,"minecraft:interact_with_crafting_table":4,"minecraft:fly_one_cm":13683},"minecraft:crafted":{"minecraft:oak_planks":36,"minecraft:crafting_table":1,"minecraft:stick":8,"minecraft:wooden_axe":1},"minecraft:mined":{"minecraft:podzol":2,"minecraft:grass_block":4,"minecraft:oak_log":2,"minecraft:melon":1,"minecraft:birch_log":1,"minecraft:clay":1}},"DataVersion":3465}