{"stats":{"minecraft:picked_up":{"minecraft:wooden_axe":2,"minecraft:birch_log":33,"minecraft:crafting_table":2,"minecraft:golden_carrot":1,"minecraft:ladder":2,"minecraft:clay_ball":108,"minecraft:andesite":22,"minecraft:wooden_pickaxe":5,"minecraft:flint":14,"minecraft:oak_log":72,"minecraft:gunpowder":1,"minecraft:amethyst_block":13,"minecraft:dirt":230,"minecraft:string":4,"minecraft:raw_copper":158,"minecraft:apple":3,"minecraft:rabbit_hide":1,"minecraft:oak_fence_gate":2,"minecraft:stone_pickaxe":1,"minecraft:calcite":10,"minecraft:azalea":1,"minecraft:wooden_shovel":5,"minecraft:rabbit":4,"tacz:gun_smith_table":2,"minecraft:melon_slice":43,"minecraft:chest":5,"minecraft:birch_sapling":4,"minecraft:oak_planks":56,"minecraft:egg":9,"minecraft:furnace":1,"minecraft:raw_iron":18,"minecraft:smooth_basalt":3,"minecraft:pumpkin":4,"minecraft:oak_fence":6,"minecraft:torch":15,"minecraft:gravel":60,"minecraft:diorite":51,"minecraft:spider_eye":1,"minecraft:pumpkin_seeds":1,"minecraft:rotten_flesh":2,"minecraft:stone_axe":1,"minecraft:granite":30,"minecraft:oak_sapling":5,"minecraft:melon_seeds":1,"minecraft:coal":28,"minecraft:cobblestone":100},"minecraft:used":{"minecraft:oak_fence":48,"minecraft:water_bucket":1,"minecraft:writable_book":1,"minecraft:diorite":34,"minecraft:stone_pickaxe":201,"minecraft:oak_planks":94,"minecraft:ladder":4,"tacz:gun_smith_table":3,"minecraft:chest":5,"minecraft:wooden_pickaxe":106,"minecraft:wooden_shovel":224,"minecraft:torch":20,"minecraft:dirt":167,"minecraft:crafting_table":3,"minecraft:granite":27,"minecraft:oak_fence_gate":8,"minecraft:wooden_axe":100,"minecraft:grass_block":1,"minecraft:stone_axe":71,"minecraft:furnace":2,"minecraft:andesite":13,"minecraft:egg":1,"minecraft:calcite":4},"minecraft:crafted":{"minecraft:oak_planks":256,"minecraft:wooden_shovel":5,"minecraft:crafting_table":1,"minecraft:wooden_pickaxe":2,"minecraft:furnace":1,"tacz:gun_smith_table":1,"minecraft:copper_ingot":91,"minecraft:stone_axe":6,"minecraft:air":0,"minecraft:oak_fence_gate":8,"minecraft:ladder":3,"minecraft:stick":144,"minecraft:iron_ingot":13,"minecraft:stone_pickaxe":9,"minecraft:wooden_axe":5,"minecraft:iron_block":1,"minecraft:torch":16,"minecraft:oak_fence":51},"minecraft:mined":{"minecraft:podzol":30,"minecraft:clay":24,"minecraft:crafting_table":2,"minecraft:torch":6,"minecraft:ladder":2,"minecraft:granite":31,"minecraft:grass_block":125,"minecraft:calcite":13,"minecraft:melon":8,"minecraft:chest":4,"minecraft:copper_ore":35,"minecraft:oak_planks":37,"tacz:gun_smith_table":2,"minecraft:diorite":45,"minecraft:wall_torch":1,"minecraft:amethyst_block":13,"minecraft:birch_sapling":1,"minecraft:furnace":1,"minecraft:birch_log":30,"minecraft:iron_ore":16,"minecraft:andesite":21,"minecraft:pumpkin":4,"minecraft:oak_log":62,"minecraft:coal_ore":24,"minecraft:gravel":48,"minecraft:dirt":59,"minecraft:smooth_basalt":3,"minecraft:stone":87},"minecraft:broken":{"minecraft:wooden_shovel":4,"minecraft:wooden_axe":1,"minecraft:wooden_pickaxe":2},"minecraft:custom":{"minecraft:interact_with_furnace":44,"minecraft:mob_kills":9,"minecraft:interact_with_crafting_table":54,"minecraft:leave_game":2,"minecraft:time_since_death":685,"minecraft:damage_resisted":30,"minecraft:climb_one_cm":2481,"minecraft:time_since_rest":785,"minecraft:sprint_one_cm":56337,"minecraft:damage_taken":11084,"minecraft:walk_one_cm":214619,"minecraft:drop":3,"minecraft:damage_dealt":4215,"minecraft:fly_one_cm":58495,"minecraft:open_chest":360,"minecraft:crouch_one_cm":79288,"minecraft:play_time":147686,"minecraft:deaths":30,"minecraft:sneak_time":43582,"minecraft:walk_under_water_one_cm":716,"minecraft:jump":531,"minecraft:walk_on_water_one_cm":1087,"minecraft:total_world_time":147686,"minecraft:fall_one_cm":9047},"minecraft:killed":{"minecraft:spider":4,"minecraft:rabbit":1,"minecraft:creeper":1,"endofherobrine:rabbit":1,"minecraft:zombie":1},"minecraft:dropped":{"minecraft:rotten_flesh":2,"minecraft:stone_pickaxe":1}},"DataVersion":3465}