{"stats":{"minecraft:used":{"minecraft:crafting_table":1,"minecraft:wooden_shovel":2},"minecraft:picked_up":{"minecraft:oak_log":1,"minecraft:dirt":4},"minecraft:custom":{"minecraft:jump":6,"minecraft:open_chest":5,"minecraft:time_since_rest":3357,"minecraft:damage_dealt":28,"minecraft:crouch_one_cm":3156,"minecraft:deaths":2,"minecraft:play_time":5226,"minecraft:damage_taken":807,"minecraft:time_since_death":3317,"minecraft:walk_one_cm":6368,"minecraft:sneak_time":1316,"minecraft:total_world_time":5226,"minecraft:interact_with_crafting_table":1,"minecraft:fly_one_cm":11091},"minecraft:crafted":{"minecraft:crafting_table":1,"minecraft:oak_planks":32},"minecraft:mined":{"minecraft:oak_log":2}},"DataVersion":3465}