{"stats":{"minecraft:picked_up":{"minecraft:wooden_axe":2,"minecraft:birch_log":39,"minecraft:crafting_table":2,"minecraft:golden_carrot":1,"minecraft:ladder":2,"minecraft:clay_ball":128,"minecraft:andesite":56,"minecraft:wooden_pickaxe":5,"minecraft:flint":14,"minecraft:oak_log":85,"minecraft:gunpowder":1,"minecraft:amethyst_block":44,"minecraft:dirt":287,"minecraft:string":4,"minecraft:raw_copper":245,"minecraft:bone":2,"minecraft:apple":3,"minecraft:gray_terracotta":8,"minecraft:raw_gold":6,"minecraft:rabbit_hide":1,"minecraft:oak_fence_gate":2,"minecraft:stone_pickaxe":1,"minecraft:calcite":32,"minecraft:azalea":1,"minecraft:wooden_shovel":5,"minecraft:rabbit":4,"tacz:gun_smith_table":2,"minecraft:melon_slice":48,"minecraft:chest":5,"minecraft:birch_sapling":4,"minecraft:oak_planks":56,"minecraft:egg":9,"minecraft:furnace":1,"minecraft:raw_iron":46,"minecraft:smooth_basalt":17,"minecraft:pumpkin":6,"minecraft:oak_fence":6,"minecraft:torch":15,"minecraft:raw_iron_block":1,"minecraft:gravel":60,"minecraft:diorite":73,"minecraft:spruce_log":5,"minecraft:dark_oak_log":1,"minecraft:barrel":2,"minecraft:spider_eye":2,"minecraft:pumpkin_seeds":1,"minecraft:arrow":1,"minecraft:blue_terracotta":2,"minecraft:rotten_flesh":2,"minecraft:stone_axe":2,"tacz:modern_kinetic_gun":1,"minecraft:granite":67,"minecraft:white_terracotta":22,"minecraft:terracotta":9,"minecraft:oak_sapling":5,"minecraft:melon_seeds":1,"minecraft:cod":2,"minecraft:coal":30,"minecraft:cobblestone":208},"minecraft:used":{"minecraft:oak_fence":48,"minecraft:water_bucket":1,"minecraft:writable_book":1,"minecraft:diorite":49,"minecraft:stone_pickaxe":619,"minecraft:oak_planks":94,"minecraft:ladder":4,"tacz:gun_smith_table":3,"minecraft:chest":6,"minecraft:wooden_pickaxe":106,"minecraft:wooden_shovel":224,"minecraft:torch":22,"minecraft:dirt":191,"minecraft:crafting_table":3,"minecraft:granite":34,"minecraft:oak_fence_gate":8,"minecraft:wooden_axe":100,"minecraft:melon_slice":10,"minecraft:grass_block":1,"minecraft:iron_pickaxe":10,"minecraft:barrel":7,"minecraft:smooth_basalt":2,"minecraft:stone_axe":137,"minecraft:cobblestone":6,"minecraft:furnace":2,"minecraft:andesite":13,"minecraft:egg":11,"minecraft:calcite":7},"minecraft:crafted":{"minecraft:oak_slab":12,"minecraft:oak_planks":316,"minecraft:raw_iron":9,"minecraft:wooden_shovel":5,"minecraft:barrel":6,"minecraft:crafting_table":1,"minecraft:spruce_planks":8,"minecraft:wooden_pickaxe":2,"minecraft:furnace":1,"tacz:gun_smith_table":1,"minecraft:copper_ingot":155,"minecraft:birch_planks":20,"minecraft:stone_axe":9,"minecraft:air":0,"minecraft:oak_fence_gate":8,"minecraft:ladder":3,"minecraft:stick":160,"minecraft:iron_ingot":48,"minecraft:iron_pickaxe":2,"minecraft:stone_pickaxe":16,"minecraft:wooden_axe":5,"minecraft:iron_block":1,"minecraft:chest":1,"minecraft:torch":20,"minecraft:oak_fence":51},"minecraft:mined":{"minecraft:podzol":30,"minecraft:gray_terracotta":8,"minecraft:dark_oak_log":1,"minecraft:powder_snow":9,"minecraft:clay":29,"minecraft:crafting_table":2,"minecraft:torch":6,"minecraft:ladder":2,"minecraft:granite":70,"minecraft:grass_block":175,"minecraft:calcite":35,"minecraft:melon":9,"minecraft:chest":4,"minecraft:cobblestone":3,"minecraft:copper_ore":62,"minecraft:oak_planks":37,"tacz:gun_smith_table":2,"minecraft:diorite":69,"minecraft:wall_torch":1,"minecraft:amethyst_block":44,"minecraft:birch_sapling":1,"minecraft:white_terracotta":22,"minecraft:raw_iron_block":1,"minecraft:blue_terracotta":2,"minecraft:furnace":1,"minecraft:birch_log":36,"minecraft:iron_ore":44,"minecraft:barrel":2,"minecraft:blue_ice":5,"minecraft:spruce_log":5,"minecraft:andesite":55,"minecraft:pumpkin":6,"minecraft:oak_log":75,"minecraft:coal_ore":26,"minecraft:gravel":48,"minecraft:dirt":66,"minecraft:packed_ice":23,"minecraft:smooth_basalt":17,"minecraft:terracotta":9,"minecraft:stone":192,"minecraft:gold_ore":8},"minecraft:broken":{"minecraft:wooden_shovel":4,"minecraft:wooden_axe":1,"minecraft:wooden_pickaxe":2,"minecraft:stone_pickaxe":2},"minecraft:custom":{"minecraft:interact_with_furnace":77,"minecraft:mob_kills":16,"minecraft:open_barrel":11,"minecraft:interact_with_crafting_table":82,"minecraft:leave_game":2,"minecraft:time_since_death":14104,"minecraft:damage_resisted":30,"minecraft:climb_one_cm":10103,"minecraft:time_since_rest":14153,"minecraft:sprint_one_cm":88659,"minecraft:damage_taken":13114,"minecraft:walk_one_cm":322958,"minecraft:drop":3,"minecraft:damage_dealt":7126,"minecraft:fly_one_cm":95034,"minecraft:open_chest":582,"minecraft:crouch_one_cm":105374,"minecraft:play_time":207686,"minecraft:deaths":35,"minecraft:sneak_time":65451,"minecraft:walk_under_water_one_cm":716,"minecraft:jump":865,"minecraft:walk_on_water_one_cm":1087,"minecraft:total_world_time":207686,"minecraft:fall_one_cm":14732},"minecraft:killed":{"minecraft:spider":5,"minecraft:rabbit":1,"minecraft:creeper":1,"minecraft:polar_bear":2,"endofherobrine:rabbit":1,"minecraft:goat":2,"minecraft:zombie":1,"minecraft:stray":2},"minecraft:dropped":{"minecraft:rotten_flesh":2,"minecraft:stone_pickaxe":1}},"DataVersion":3465}