{"stats":{"minecraft:picked_up":{"minecraft:wooden_axe":2,"minecraft:birch_log":39,"minecraft:crafting_table":2,"minecraft:golden_carrot":1,"minecraft:ladder":2,"minecraft:clay_ball":116,"minecraft:andesite":24,"minecraft:wooden_pickaxe":5,"minecraft:flint":14,"minecraft:oak_log":77,"minecraft:gunpowder":1,"minecraft:amethyst_block":21,"minecraft:dirt":241,"minecraft:string":4,"minecraft:raw_copper":186,"minecraft:apple":3,"minecraft:rabbit_hide":1,"minecraft:oak_fence_gate":2,"minecraft:stone_pickaxe":1,"minecraft:calcite":16,"minecraft:azalea":1,"minecraft:wooden_shovel":5,"minecraft:rabbit":4,"tacz:gun_smith_table":2,"minecraft:melon_slice":47,"minecraft:chest":5,"minecraft:birch_sapling":4,"minecraft:oak_planks":56,"minecraft:egg":9,"minecraft:furnace":1,"minecraft:raw_iron":23,"minecraft:smooth_basalt":8,"minecraft:pumpkin":5,"minecraft:oak_fence":6,"minecraft:torch":15,"minecraft:gravel":60,"minecraft:diorite":56,"minecraft:spider_eye":2,"minecraft:pumpkin_seeds":1,"minecraft:rotten_flesh":2,"minecraft:stone_axe":1,"minecraft:granite":41,"minecraft:oak_sapling":5,"minecraft:melon_seeds":1,"minecraft:coal":28,"minecraft:cobblestone":137},"minecraft:used":{"minecraft:oak_fence":48,"minecraft:water_bucket":1,"minecraft:writable_book":1,"minecraft:diorite":46,"minecraft:stone_pickaxe":293,"minecraft:oak_planks":94,"minecraft:ladder":4,"tacz:gun_smith_table":3,"minecraft:chest":5,"minecraft:wooden_pickaxe":106,"minecraft:wooden_shovel":224,"minecraft:torch":22,"minecraft:dirt":191,"minecraft:crafting_table":3,"minecraft:granite":27,"minecraft:oak_fence_gate":8,"minecraft:wooden_axe":100,"minecraft:grass_block":1,"minecraft:stone_axe":89,"minecraft:furnace":2,"minecraft:andesite":13,"minecraft:egg":1,"minecraft:calcite":7},"minecraft:crafted":{"minecraft:oak_planks":256,"minecraft:wooden_shovel":5,"minecraft:crafting_table":1,"minecraft:wooden_pickaxe":2,"minecraft:furnace":1,"tacz:gun_smith_table":1,"minecraft:copper_ingot":99,"minecraft:stone_axe":7,"minecraft:air":0,"minecraft:oak_fence_gate":8,"minecraft:ladder":3,"minecraft:stick":144,"minecraft:iron_ingot":16,"minecraft:stone_pickaxe":10,"minecraft:wooden_axe":5,"minecraft:iron_block":1,"minecraft:torch":20,"minecraft:oak_fence":51},"minecraft:mined":{"minecraft:podzol":30,"minecraft:clay":26,"minecraft:crafting_table":2,"minecraft:torch":6,"minecraft:ladder":2,"minecraft:granite":42,"minecraft:grass_block":130,"minecraft:calcite":19,"minecraft:melon":9,"minecraft:chest":4,"minecraft:copper_ore":45,"minecraft:oak_planks":37,"tacz:gun_smith_table":2,"minecraft:diorite":50,"minecraft:wall_torch":1,"minecraft:amethyst_block":21,"minecraft:birch_sapling":1,"minecraft:furnace":1,"minecraft:birch_log":36,"minecraft:iron_ore":21,"minecraft:andesite":23,"minecraft:pumpkin":5,"minecraft:oak_log":67,"minecraft:coal_ore":24,"minecraft:gravel":48,"minecraft:dirt":65,"minecraft:smooth_basalt":8,"minecraft:stone":124},"minecraft:broken":{"minecraft:wooden_shovel":4,"minecraft:wooden_axe":1,"minecraft:wooden_pickaxe":2},"minecraft:custom":{"minecraft:interact_with_furnace":51,"minecraft:mob_kills":10,"minecraft:interact_with_crafting_table":54,"minecraft:leave_game":2,"minecraft:time_since_death":12685,"minecraft:damage_resisted":30,"minecraft:climb_one_cm":3708,"minecraft:time_since_rest":12785,"minecraft:sprint_one_cm":62838,"minecraft:damage_taken":11174,"minecraft:walk_one_cm":237901,"minecraft:drop":3,"minecraft:damage_dealt":4623,"minecraft:fly_one_cm":67061,"minecraft:open_chest":401,"minecraft:crouch_one_cm":88825,"minecraft:play_time":159686,"minecraft:deaths":30,"minecraft:sneak_time":49524,"minecraft:walk_under_water_one_cm":716,"minecraft:jump":591,"minecraft:walk_on_water_one_cm":1087,"minecraft:total_world_time":159686,"minecraft:fall_one_cm":9794},"minecraft:killed":{"minecraft:spider":5,"minecraft:rabbit":1,"minecraft:creeper":1,"endofherobrine:rabbit":1,"minecraft:zombie":1},"minecraft:dropped":{"minecraft:rotten_flesh":2,"minecraft:stone_pickaxe":1}},"DataVersion":3465}