{"stats":{"minecraft:used":{"minecraft:wooden_axe":10,"minecraft:birch_planks":28,"minecraft:stone_pickaxe":35,"minecraft:chest":5,"minecraft:wooden_shovel":2,"minecraft:torch":1,"minecraft:dirt":34,"minecraft:crafting_table":1,"minecraft:granite":8,"minecraft:calcite":8},"minecraft:dropped":{"minecraft:dirt":7},"minecraft:custom":{"minecraft:sprint_one_cm":6362,"minecraft:damage_taken":5144,"minecraft:walk_one_cm":125284,"minecraft:mob_kills":1,"minecraft:drop":7,"minecraft:damage_dealt":111,"minecraft:swim_one_cm":474,"minecraft:interact_with_crafting_table":7,"minecraft:fly_one_cm":25478,"minecraft:open_chest":98,"minecraft:crouch_one_cm":27261,"minecraft:play_time":56495,"minecraft:deaths":14,"minecraft:sneak_time":9240,"minecraft:walk_under_water_one_cm":39082,"minecraft:jump":297,"minecraft:leave_game":1,"minecraft:time_since_death":0,"minecraft:walk_on_water_one_cm":4819,"minecraft:total_world_time":56495,"minecraft:fall_one_cm":1492,"minecraft:time_since_rest":2012},"minecraft:picked_up":{"minecraft:wooden_axe":4,"minecraft:birch_log":16,"minecraft:stick":18,"minecraft:raw_iron":5,"minecraft:clay_ball":120,"minecraft:pumpkin":5,"minecraft:andesite":4,"minecraft:leather":3,"minecraft:torch":1,"minecraft:wooden_pickaxe":1,"minecraft:gravel":4,"minecraft:flint":3,"minecraft:oak_log":42,"minecraft:diorite":5,"minecraft:gunpowder":1,"minecraft:carrot":1,"minecraft:dirt":105,"minecraft:raw_copper":46,"minecraft:pumpkin_seeds":1,"minecraft:wheat_seeds":6,"minecraft:bucket":1,"minecraft:granite":4,"minecraft:stone_pickaxe":1,"minecraft:calcite":11,"minecraft:azalea":1,"minecraft:wooden_shovel":11,"minecraft:cobblestone":1,"minecraft:oak_sapling":3,"minecraft:melon_slice":66,"minecraft:melon_seeds":1,"minecraft:chest":1,"minecraft:birch_sapling":1,"minecraft:oak_planks":56,"minecraft:coal":10,"minecraft:egg":3},"minecraft:killed":{"minecraft:zombie":1},"minecraft:crafted":{"minecraft:oak_planks":56,"minecraft:crafting_table":1,"minecraft:stick":24,"minecraft:wooden_axe":2,"minecraft:chest":4,"minecraft:birch_planks":64},"minecraft:mined":{"minecraft:podzol":2,"minecraft:birch_planks":4,"minecraft:iron_ore":1,"minecraft:birch_log":1,"minecraft:andesite":7,"minecraft:clay":1,"minecraft:torch":1,"minecraft:granite":4,"minecraft:coal_ore":4,"minecraft:calcite":4,"minecraft:grass_block":12,"minecraft:oak_log":6,"minecraft:melon":1,"minecraft:dirt":10,"minecraft:cobblestone":5,"minecraft:copper_ore":3,"minecraft:diorite":5,"minecraft:amethyst_block":1}},"DataVersion":3465}