{"stats":{"minecraft:custom":{"minecraft:interact_with_smithing_table":5,"minecraft:mob_kills":39,"minecraft:interact_with_crafting_table":112,"minecraft:open_barrel":54,"minecraft:interact_with_campfire":5,"minecraft:damage_dealt_resisted":80,"minecraft:leave_game":3,"minecraft:time_since_death":23830,"minecraft:climb_one_cm":20703,"minecraft:damage_resisted":30,"minecraft:sprint_one_cm":127172,"minecraft:walk_one_cm":495787,"minecraft:drop":11,"minecraft:play_time":317751,"minecraft:deaths":37,"minecraft:sneak_time":107764,"minecraft:walk_under_water_one_cm":716,"minecraft:jump":1303,"minecraft:walk_on_water_one_cm":1087,"minecraft:total_world_time":317751,"minecraft:interact_with_furnace":118,"minecraft:time_since_rest":23896,"minecraft:damage_taken":14562,"minecraft:damage_dealt":15723,"minecraft:fly_one_cm":136984,"minecraft:open_chest":967,"minecraft:crouch_one_cm":160403,"minecraft:fall_one_cm":26007},"minecraft:crafted":{"minecraft:oak_planks":332,"minecraft:raw_iron":18,"minecraft:barrel":6,"minecraft:furnace":1,"minecraft:raw_copper":9,"minecraft:ladder":3,"minecraft:stone_pickaxe":20,"minecraft:chest":1,"minecraft:dark_oak_planks":4,"minecraft:oak_fence":51,"minecraft:oak_slab":12,"minecraft:wooden_shovel":5,"minecraft:cauldron":1,"minecraft:crafting_table":1,"minecraft:spruce_planks":12,"tacz:ammo_box":1,"minecraft:wooden_pickaxe":2,"minecraft:smithing_table":1,"tacz:gun_smith_table":1,"minecraft:copper_ingot":155,"minecraft:birch_planks":20,"minecraft:campfire":1,"minecraft:stone_axe":12,"minecraft:air":0,"minecraft:oak_fence_gate":8,"minecraft:charcoal":3,"minecraft:raw_gold":45,"minecraft:stick":184,"minecraft:iron_ingot":102,"minecraft:iron_pickaxe":4,"minecraft:wooden_axe":5,"minecraft:iron_block":1,"minecraft:gold_ingot":71,"minecraft:white_bed":1,"minecraft:torch":24,"minecraft:shears":1},"minecraft:picked_up":{"minecraft:wooden_axe":2,"minecraft:crafting_table":2,"minecraft:ladder":2,"minecraft:clay_ball":136,"minecraft:wooden_pickaxe":5,"minecraft:cooked_rabbit":2,"minecraft:amethyst_block":87,"minecraft:string":4,"minecraft:raw_copper":390,"tacz:ammo":180,"minecraft:deepslate_tiles":10,"minecraft:cobbled_deepslate":96,"minecraft:calcite":74,"minecraft:azalea":1,"minecraft:wooden_shovel":5,"minecraft:melon_slice":48,"minecraft:chest":10,"minecraft:birch_sapling":4,"minecraft:egg":9,"minecraft:raw_copper_block":1,"minecraft:furnace":1,"minecraft:raw_iron":89,"minecraft:raw_gold_block":5,"minecraft:oak_fence":7,"minecraft:torch":17,"minecraft:diorite":108,"minecraft:arrow":7,"minecraft:rotten_flesh":5,"minecraft:cooked_cod":3,"minecraft:deepslate_bricks":18,"minecraft:white_terracotta":31,"minecraft:cod":3,"minecraft:white_wool":3,"minecraft:cobblestone":265,"minecraft:birch_log":40,"minecraft:golden_carrot":1,"minecraft:andesite":67,"minecraft:flint":14,"minecraft:tuff":34,"minecraft:oak_log":106,"minecraft:gunpowder":7,"minecraft:lapis_lazuli":83,"minecraft:dirt":331,"minecraft:bone":2,"minecraft:apple":3,"shy_guy:disturbing_photo":1,"minecraft:gray_terracotta":11,"minecraft:raw_gold":28,"minecraft:rabbit_hide":1,"minecraft:stone_pickaxe":1,"minecraft:oak_fence_gate":2,"minecraft:rabbit":4,"tacz:gun_smith_table":2,"minecraft:oak_planks":56,"minecraft:smooth_basalt":48,"minecraft:pumpkin":7,"minecraft:sweet_berries":11,"minecraft:raw_iron_block":2,"minecraft:dripstone_block":8,"minecraft:gravel":60,"minecraft:spruce_log":30,"minecraft:barrel":2,"minecraft:dark_oak_log":18,"minecraft:spider_eye":2,"minecraft:pumpkin_seeds":1,"minecraft:blue_terracotta":3,"minecraft:diamond":3,"tacz:modern_kinetic_gun":1,"minecraft:stone_axe":2,"minecraft:granite":102,"minecraft:terracotta":18,"minecraft:oak_sapling":5,"minecraft:melon_seeds":1,"minecraft:coal":59},"minecraft:used":{"minecraft:oak_fence":49,"minecraft:writable_book":1,"minecraft:ladder":5,"tacz:gun_smith_table":3,"minecraft:chest":11,"minecraft:white_terracotta":3,"minecraft:wooden_shovel":224,"minecraft:torch":24,"minecraft:dirt":191,"minecraft:spyglass":2,"minecraft:tuff":7,"minecraft:granite":41,"minecraft:oak_fence_gate":8,"minecraft:wooden_axe":100,"minecraft:grass_block":1,"minecraft:panda_spawn_egg":1,"minecraft:barrel":7,"minecraft:smooth_basalt":18,"minecraft:golden_carrot":1,"minecraft:sweet_berries":14,"minecraft:furnace":2,"minecraft:egg":11,"minecraft:cobbled_deepslate":9,"minecraft:powder_snow_bucket":1,"minecraft:calcite":9,"minecraft:water_bucket":1,"minecraft:diorite":55,"minecraft:stone_pickaxe":1123,"minecraft:oak_planks":94,"minecraft:wooden_pickaxe":106,"minecraft:sheep_spawn_egg":1,"minecraft:cauldron":1,"minecraft:crafting_table":3,"minecraft:campfire":1,"minecraft:gray_terracotta":5,"minecraft:melon_slice":47,"minecraft:iron_pickaxe":178,"minecraft:stone_axe":316,"minecraft:cobblestone":6,"minecraft:smithing_table":1,"minecraft:bucket":1,"minecraft:andesite":13},"minecraft:mined":{"minecraft:deepslate_tiles":10,"minecraft:diamond_ore":3,"minecraft:tuff":34,"minecraft:dark_oak_log":18,"minecraft:ladder":2,"minecraft:granite":101,"minecraft:budding_amethyst":21,"minecraft:grass_block":215,"minecraft:deepslate_bricks":18,"tacz:gun_smith_table":2,"minecraft:raw_iron_block":2,"minecraft:furnace":1,"minecraft:raw_gold_block":5,"minecraft:cobbled_deepslate":7,"minecraft:iron_ore":60,"minecraft:barrel":2,"minecraft:andesite":66,"minecraft:pumpkin":7,"minecraft:deepslate_lapis_ore":12,"minecraft:deepslate_iron_ore":27,"minecraft:packed_ice":29,"minecraft:stone":248,"minecraft:podzol":31,"minecraft:gray_terracotta":13,"minecraft:oak_fence":1,"minecraft:powder_snow":15,"minecraft:clay":31,"minecraft:crafting_table":2,"minecraft:torch":7,"minecraft:calcite":78,"minecraft:melon":9,"minecraft:chest":9,"minecraft:copper_ore":84,"minecraft:cobblestone":6,"minecraft:deepslate_coal_ore":20,"minecraft:deepslate_gold_ore":20,"minecraft:oak_planks":37,"minecraft:diorite":105,"minecraft:wall_torch":1,"minecraft:amethyst_block":87,"minecraft:deepslate_copper_ore":20,"minecraft:birch_sapling":1,"minecraft:white_terracotta":33,"minecraft:blue_terracotta":3,"minecraft:birch_log":37,"minecraft:sweet_berry_bush":3,"minecraft:blue_ice":13,"minecraft:spruce_log":30,"minecraft:oak_log":96,"minecraft:coal_ore":35,"minecraft:gravel":48,"minecraft:dripstone_block":9,"minecraft:dirt":68,"minecraft:smooth_basalt":52,"minecraft:terracotta":18,"minecraft:raw_copper_block":3,"minecraft:gold_ore":10,"minecraft:deepslate":89,"minecraft:suspicious_gravel":1},"minecraft:dropped":{"minecraft:rotten_flesh":9,"shy_guy:disturbing_photo":1,"minecraft:stone_pickaxe":1},"minecraft:killed":{"doppelgangermod:dp_creeper":2,"minecraft:spider":5,"minecraft:skeleton":3,"endofherobrine:rabbit":1,"the_knocker:knockerstalk":2,"minecraft:rabbit":1,"minecraft:creeper":7,"minecraft:polar_bear":3,"minecraft:goat":3,"minecraft:zombie":5,"minecraft:stray":3},"minecraft:broken":{"minecraft:wooden_shovel":4,"minecraft:wooden_pickaxe":2,"minecraft:stone_pickaxe":5,"minecraft:wooden_axe":1}},"DataVersion":3465}