{"stats":{"minecraft:used":{"minecraft:moss_block":7,"minecraft:writable_book":1,"minecraft:ladder":5,"minecraft:chest":12,"minecraft:white_terracotta":3,"minecraft:iron_sword":1,"minecraft:tuff":12,"minecraft:music_disc_13":1,"minecraft:snowball":5,"minecraft:grass_block":1,"minecraft:panda_spawn_egg":1,"minecraft:music_disc_ward":2,"farmersdelight:cutting_board":1,"minecraft:sweet_berries":34,"minecraft:furnace":2,"minecraft:egg":12,"minecraft:diorite":56,"minecraft:stone_pickaxe":1389,"minecraft:prismarine":1,"minecraft:oak_planks":104,"minecraft:leather_chestplate":1,"minecraft:wooden_pickaxe":106,"minecraft:glow_berries":2,"minecraft:note_block":3,"minecraft:deepslate_tiles":5,"minecraft:melon_slice":52,"minecraft:smithing_table":1,"minecraft:andesite":13,"minecraft:bone_meal":13,"minecraft:oak_fence":51,"tacz:gun_smith_table":3,"minecraft:spruce_planks":5,"minecraft:music_disc_5":2,"minecraft:wooden_shovel":237,"minecraft:cooked_chicken":2,"minecraft:torch":24,"minecraft:dirt":210,"minecraft:spyglass":2,"minecraft:granite":42,"minecraft:oak_fence_gate":8,"minecraft:wooden_axe":100,"minecraft:barrel":7,"minecraft:smooth_basalt":18,"minecraft:golden_carrot":3,"minecraft:cobbled_deepslate":25,"minecraft:powder_snow_bucket":3,"minecraft:calcite":10,"minecraft:wheat_seeds":18,"minecraft:water_bucket":1,"minecraft:cauldron":1,"minecraft:sheep_spawn_egg":1,"minecraft:crafting_table":3,"minecraft:white_bed":1,"minecraft:campfire":1,"minecraft:music_disc_strad":5,"minecraft:gray_terracotta":5,"minecraft:wooden_hoe":18,"minecraft:diamond_pickaxe":1,"minecraft:iron_pickaxe":1072,"create:water_wheel":2,"minecraft:stone_axe":513,"minecraft:cobbled_deepslate_slab":1,"minecraft:cobblestone":8,"minecraft:bucket":2,"minecraft:jukebox":1},"minecraft:killed":{"doppelgangermod:dp_creeper":2,"minecraft:spider":14,"minecraft:skeleton":12,"minecraft:chicken":5,"minecraft:creeper":11,"minecraft:goat":3,"minecraft:zombie":18,"minecraft:stray":3,"endofherobrine:rabbit":1,"the_knocker:knockerstalk":2,"the_knocker:knockerstalklooked":1,"minecraft:drowned":1,"minecraft:rabbit":1,"minecraft:polar_bear":3},"minecraft:dropped":{"minecraft:cooked_cod":2,"minecraft:iron_pickaxe":1,"minecraft:stone_axe":1,"minecraft:cooked_chicken":1,"minecraft:cobbled_deepslate":14,"minecraft:rotten_flesh":29,"minecraft:prismarine":11,"minecraft:deepslate_tiles":8,"minecraft:golden_helmet":1,"minecraft:torch":2,"minecraft:melon_slice":3,"minecraft:sweet_berries":11,"shy_guy:disturbing_photo":1,"minecraft:oak_sign":1,"minecraft:deepslate_bricks":22,"minecraft:golden_sword":2,"minecraft:stone_pickaxe":2},"minecraft:mined":{"minecraft:spruce_planks":5,"minecraft:granite":127,"minecraft:budding_amethyst":26,"minecraft:grass_block":230,"minecraft:dead_tube_coral_block":2,"minecraft:deepslate_bricks":99,"minecraft:bubble_coral_block":8,"tacz:gun_smith_table":2,"minecraft:tube_coral_block":3,"minecraft:raw_iron_block":3,"minecraft:cobbled_deepslate":19,"minecraft:iron_ore":83,"minecraft:barrel":2,"minecraft:pumpkin":7,"minecraft:deepslate_lapis_ore":30,"minecraft:oak_sign":1,"minecraft:oak_stairs":3,"minecraft:brain_coral_block":16,"minecraft:gray_terracotta":13,"minecraft:cyan_terracotta":7,"minecraft:powder_snow":15,"minecraft:clay":41,"minecraft:note_block":3,"minecraft:torch":7,"minecraft:light_gray_terracotta":19,"minecraft:calcite":108,"minecraft:melon":11,"minecraft:chest":9,"minecraft:cobblestone":7,"minecraft:prismarine":54,"minecraft:oak_planks":40,"minecraft:wall_torch":1,"minecraft:amethyst_block":137,"minecraft:deepslate_copper_ore":55,"minecraft:birch_sapling":1,"minecraft:white_terracotta":33,"minecraft:blue_terracotta":15,"minecraft:birch_log":42,"minecraft:wheat":6,"minecraft:blue_ice":13,"minecraft:oak_log":133,"minecraft:sand":25,"minecraft:dirt":76,"minecraft:smooth_basalt":65,"minecraft:raw_copper_block":3,"minecraft:horn_coral_block":9,"minecraft:deepslate":206,"minecraft:suspicious_gravel":14,"minecraft:deepslate_tiles":50,"minecraft:dark_prismarine":15,"minecraft:diamond_ore":8,"minecraft:tuff":74,"minecraft:deepslate_diamond_ore":13,"minecraft:dark_oak_log":38,"minecraft:sea_lantern":13,"minecraft:ladder":2,"minecraft:moss_block":108,"minecraft:rooted_dirt":37,"minecraft:furnace":1,"minecraft:raw_gold_block":5,"minecraft:green_terracotta":6,"minecraft:andesite":89,"minecraft:dead_horn_coral_block":3,"minecraft:deepslate_iron_ore":47,"minecraft:packed_ice":33,"minecraft:stone":317,"minecraft:fire_coral_block":5,"minecraft:podzol":34,"minecraft:oak_fence":2,"minecraft:crafting_table":2,"minecraft:sponge":13,"create:water_wheel":1,"endofherobrine:glowing_obsidian":1,"minecraft:copper_ore":107,"minecraft:deepslate_coal_ore":39,"minecraft:dried_kelp_block":10,"minecraft:lapis_ore":15,"minecraft:deepslate_gold_ore":41,"minecraft:diorite":133,"minecraft:prismarine_bricks":18,"minecraft:dead_fire_coral_block":1,"minecraft:sweet_berry_bush":11,"minecraft:spruce_log":37,"minecraft:dead_brain_coral_block":1,"minecraft:coal_ore":56,"minecraft:gravel":62,"minecraft:dripstone_block":84,"minecraft:terracotta":18,"minecraft:gold_ore":27},"minecraft:picked_up":{"minecraft:wooden_axe":2,"minecraft:music_disc_strad":4,"minecraft:wheat":6,"minecraft:chainmail_boots":1,"minecraft:oak_stairs":3,"minecraft:golden_sword":3,"minecraft:amethyst_block":136,"minecraft:string":13,"minecraft:dead_tube_coral_block":4,"minecraft:raw_copper":671,"minecraft:oak_sign":1,"create:water_wheel":1,"minecraft:deepslate_tiles":61,"minecraft:cobbled_deepslate":220,"minecraft:spruce_planks":4,"minecraft:calcite":106,"minecraft:azalea":1,"minecraft:wooden_shovel":5,"minecraft:iron_pickaxe":1,"minecraft:melon_slice":57,"minecraft:furnace":1,"minecraft:golden_helmet":2,"minecraft:oak_fence":9,"minecraft:torch":19,"minecraft:acacia_log":5,"minecraft:diorite":141,"minecraft:green_terracotta":9,"minecraft:rotten_flesh":25,"minecraft:music_disc_ward":1,"minecraft:cyan_terracotta":7,"minecraft:white_terracotta":31,"minecraft:cod":3,"minecraft:cobblestone":341,"minecraft:sponge":13,"minecraft:birch_log":45,"minecraft:leather_chestplate":1,"minecraft:feather":3,"minecraft:andesite":90,"minecraft:flint":14,"minecraft:tuff":81,"minecraft:prismarine_bricks":12,"minecraft:lapis_lazuli":268,"minecraft:dirt":359,"minecraft:bone":6,"minecraft:gray_terracotta":11,"minecraft:wheat_seeds":18,"minecraft:raw_gold":66,"minecraft:rabbit":4,"tacz:gun_smith_table":2,"minecraft:moss_block":150,"minecraft:prismarine":35,"minecraft:oak_planks":59,"minecraft:music_disc_13":1,"minecraft:sand":21,"minecraft:dark_oak_log":38,"minecraft:barrel":2,"minecraft:dark_prismarine":14,"minecraft:light_gray_terracotta":17,"minecraft:blue_terracotta":15,"minecraft:diamond":20,"minecraft:dead_brain_coral_block":14,"minecraft:granite":133,"minecraft:rooted_dirt":38,"minecraft:oak_sapling":5,"minecraft:music_disc_5":2,"minecraft:crafting_table":2,"farmersdelight:sweet_berry_cheesecake_slice":8,"minecraft:chicken":6,"minecraft:ladder":3,"minecraft:clay_ball":180,"minecraft:wooden_pickaxe":5,"minecraft:cooked_rabbit":2,"minecraft:dead_horn_coral_block":12,"tacz:ammo":300,"minecraft:candle":1,"minecraft:birch_sapling":4,"minecraft:chest":11,"minecraft:raw_copper_block":1,"minecraft:egg":12,"minecraft:raw_iron":143,"minecraft:raw_gold_block":5,"minecraft:copper_ingot":1,"minecraft:note_block":3,"minecraft:prismarine_crystals":32,"minecraft:arrow":13,"minecraft:cooked_cod":3,"minecraft:deepslate_bricks":110,"minecraft:glow_berries":2,"minecraft:white_wool":3,"minecraft:golden_carrot":1,"minecraft:oak_log":137,"minecraft:gunpowder":11,"minecraft:apple":3,"shy_guy:disturbing_photo":1,"minecraft:rabbit_hide":1,"minecraft:cooked_chicken":1,"minecraft:oak_fence_gate":2,"minecraft:stone_pickaxe":2,"minecraft:smooth_basalt":64,"minecraft:pumpkin":7,"minecraft:sweet_berries":73,"minecraft:raw_iron_block":3,"minecraft:dripstone_block":94,"minecraft:gravel":74,"minecraft:dead_fire_coral_block":6,"minecraft:spruce_log":37,"minecraft:spider_eye":5,"minecraft:pumpkin_seeds":1,"minecraft:dried_kelp_block":5,"minecraft:stone_axe":3,"tacz:modern_kinetic_gun":2,"minecraft:dead_bubble_coral_block":8,"minecraft:terracotta":18,"minecraft:melon_seeds":1,"minecraft:coal":108},"minecraft:custom":{"minecraft:interact_with_crafting_table":158,"minecraft:open_barrel":131,"minecraft:leave_game":6,"minecraft:time_since_death":6270,"minecraft:damage_resisted":30,"minecraft:sprint_one_cm":200984,"minecraft:drop":99,"minecraft:play_noteblock":4,"minecraft:play_time":506087,"minecraft:deaths":50,"minecraft:jump":1854,"minecraft:walk_on_water_one_cm":1087,"minecraft:interact_with_furnace":142,"minecraft:play_record":10,"minecraft:sleep_in_bed":4,"minecraft:damage_dealt":22848,"minecraft:crouch_one_cm":266276,"minecraft:interact_with_smithing_table":13,"minecraft:mob_kills":81,"minecraft:interact_with_campfire":5,"minecraft:damage_dealt_resisted":646,"minecraft:climb_one_cm":20949,"minecraft:walk_one_cm":765609,"minecraft:sneak_time":171137,"minecraft:walk_under_water_one_cm":716,"minecraft:total_world_time":506087,"minecraft:tune_noteblock":29,"minecraft:time_since_rest":6422,"minecraft:damage_taken":19900,"minecraft:fly_one_cm":215059,"minecraft:open_chest":1497,"minecraft:fall_one_cm":28688},"minecraft:broken":{"minecraft:wooden_shovel":4,"minecraft:stone_pickaxe":7,"minecraft:stone_axe":1,"minecraft:wooden_axe":1,"minecraft:wooden_pickaxe":2,"minecraft:iron_pickaxe":1},"minecraft:crafted":{"minecraft:oak_planks":464,"minecraft:barrel":6,"minecraft:cooked_chicken":6,"minecraft:glass":9,"minecraft:raw_copper":9,"minecraft:chest":1,"minecraft:oak_fence":51,"minecraft:oak_slab":12,"minecraft:wooden_shovel":6,"minecraft:cauldron":1,"minecraft:crafting_table":1,"minecraft:spruce_planks":24,"tacz:ammo_box":1,"farmersdelight:flint_knife":1,"minecraft:wooden_pickaxe":2,"minecraft:smithing_table":1,"minecraft:copper_ingot":276,"minecraft:birch_planks":20,"minecraft:campfire":1,"farmersdelight:cutting_board":1,"minecraft:wooden_hoe":2,"minecraft:diamond_pickaxe":1,"minecraft:charcoal":3,"create:water_wheel":1,"minecraft:stick":244,"minecraft:iron_ingot":143,"minecraft:iron_pickaxe":14,"minecraft:iron_block":1,"minecraft:gold_ingot":71,"farmersdelight:sweet_berry_cheesecake":2,"minecraft:shears":1,"minecraft:cobbled_deepslate_slab":6,"minecraft:raw_iron":27,"minecraft:jukebox":1,"minecraft:iron_nugget":9,"minecraft:furnace":1,"farmersdelight:pie_crust":2,"minecraft:ladder":3,"minecraft:stone_pickaxe":23,"minecraft:dark_oak_planks":4,"create:andesite_alloy":2,"tacz:gun_smith_table":1,"minecraft:stone_axe":22,"minecraft:air":0,"minecraft:oak_fence_gate":8,"minecraft:raw_gold":45,"minecraft:wooden_axe":5,"minecraft:white_bed":1,"minecraft:note_block":1,"create:shaft":8,"minecraft:torch":24}},"DataVersion":3465}