{"stats":{"minecraft:custom":{"minecraft:mob_kills":22,"minecraft:interact_with_crafting_table":94,"minecraft:open_barrel":37,"minecraft:interact_with_campfire":5,"minecraft:damage_dealt_resisted":80,"minecraft:leave_game":3,"minecraft:time_since_death":20674,"minecraft:climb_one_cm":18881,"minecraft:damage_resisted":30,"minecraft:sprint_one_cm":114844,"minecraft:walk_one_cm":425670,"minecraft:drop":4,"minecraft:play_time":269751,"minecraft:deaths":36,"minecraft:sneak_time":91338,"minecraft:walk_under_water_one_cm":716,"minecraft:jump":1166,"minecraft:walk_on_water_one_cm":1087,"minecraft:total_world_time":269751,"minecraft:interact_with_furnace":84,"minecraft:time_since_rest":20702,"minecraft:damage_taken":13932,"minecraft:damage_dealt":9944,"minecraft:fly_one_cm":121131,"minecraft:open_chest":774,"minecraft:crouch_one_cm":139865,"minecraft:fall_one_cm":23736},"minecraft:crafted":{"minecraft:oak_planks":316,"minecraft:raw_iron":9,"minecraft:barrel":6,"minecraft:furnace":1,"minecraft:raw_copper":9,"minecraft:ladder":3,"minecraft:stone_pickaxe":19,"minecraft:chest":1,"minecraft:dark_oak_planks":4,"minecraft:oak_fence":51,"minecraft:oak_slab":12,"minecraft:wooden_shovel":5,"minecraft:cauldron":1,"minecraft:crafting_table":1,"minecraft:spruce_planks":12,"minecraft:wooden_pickaxe":2,"tacz:gun_smith_table":1,"minecraft:copper_ingot":155,"minecraft:birch_planks":20,"minecraft:campfire":1,"minecraft:stone_axe":11,"minecraft:air":0,"minecraft:oak_fence_gate":8,"minecraft:charcoal":3,"minecraft:raw_gold":45,"minecraft:stick":176,"minecraft:iron_ingot":48,"minecraft:iron_pickaxe":3,"minecraft:wooden_axe":5,"minecraft:iron_block":1,"minecraft:torch":20},"minecraft:picked_up":{"minecraft:wooden_axe":2,"minecraft:crafting_table":2,"minecraft:ladder":2,"minecraft:clay_ball":132,"minecraft:wooden_pickaxe":5,"minecraft:cooked_rabbit":2,"minecraft:amethyst_block":70,"minecraft:string":4,"minecraft:raw_copper":327,"minecraft:cobbled_deepslate":43,"minecraft:calcite":63,"minecraft:azalea":1,"minecraft:wooden_shovel":5,"minecraft:melon_slice":48,"minecraft:chest":10,"minecraft:birch_sapling":4,"minecraft:egg":9,"minecraft:raw_copper_block":1,"minecraft:furnace":1,"minecraft:raw_iron":65,"minecraft:raw_gold_block":5,"minecraft:oak_fence":6,"minecraft:torch":16,"minecraft:diorite":106,"minecraft:arrow":2,"minecraft:rotten_flesh":2,"minecraft:cooked_cod":3,"minecraft:deepslate_bricks":12,"minecraft:white_terracotta":31,"minecraft:cod":3,"minecraft:cobblestone":249,"minecraft:birch_log":40,"minecraft:golden_carrot":1,"minecraft:andesite":59,"minecraft:flint":14,"minecraft:tuff":7,"minecraft:oak_log":95,"minecraft:gunpowder":1,"minecraft:lapis_lazuli":44,"minecraft:dirt":329,"minecraft:bone":2,"minecraft:apple":3,"shy_guy:disturbing_photo":1,"minecraft:gray_terracotta":11,"minecraft:raw_gold":14,"minecraft:rabbit_hide":1,"minecraft:stone_pickaxe":1,"minecraft:oak_fence_gate":2,"minecraft:rabbit":4,"tacz:gun_smith_table":2,"minecraft:oak_planks":56,"minecraft:smooth_basalt":39,"minecraft:pumpkin":6,"minecraft:raw_iron_block":1,"minecraft:dripstone_block":8,"minecraft:gravel":60,"minecraft:spruce_log":16,"minecraft:barrel":2,"minecraft:dark_oak_log":3,"minecraft:spider_eye":2,"minecraft:pumpkin_seeds":1,"minecraft:blue_terracotta":3,"tacz:modern_kinetic_gun":1,"minecraft:stone_axe":2,"minecraft:granite":98,"minecraft:terracotta":18,"minecraft:oak_sapling":5,"minecraft:melon_seeds":1,"minecraft:coal":37},"minecraft:used":{"minecraft:oak_fence":48,"minecraft:writable_book":1,"minecraft:ladder":4,"tacz:gun_smith_table":3,"minecraft:chest":11,"minecraft:white_terracotta":3,"minecraft:wooden_shovel":224,"minecraft:torch":23,"minecraft:dirt":191,"minecraft:granite":41,"minecraft:oak_fence_gate":8,"minecraft:wooden_axe":100,"minecraft:grass_block":1,"minecraft:barrel":7,"minecraft:smooth_basalt":17,"minecraft:sweet_berries":3,"minecraft:furnace":2,"minecraft:egg":11,"minecraft:cobbled_deepslate":8,"minecraft:powder_snow_bucket":1,"minecraft:calcite":9,"minecraft:water_bucket":1,"minecraft:diorite":54,"minecraft:stone_pickaxe":998,"minecraft:oak_planks":94,"minecraft:wooden_pickaxe":106,"minecraft:cauldron":1,"minecraft:crafting_table":3,"minecraft:campfire":1,"minecraft:gray_terracotta":5,"minecraft:melon_slice":38,"minecraft:iron_pickaxe":25,"minecraft:stone_axe":199,"minecraft:cobblestone":6,"minecraft:bucket":1,"minecraft:andesite":13},"minecraft:mined":{"minecraft:tuff":7,"minecraft:dark_oak_log":3,"minecraft:ladder":2,"minecraft:granite":97,"minecraft:budding_amethyst":4,"minecraft:grass_block":214,"minecraft:deepslate_bricks":12,"tacz:gun_smith_table":2,"minecraft:raw_iron_block":1,"minecraft:furnace":1,"minecraft:raw_gold_block":5,"minecraft:cobbled_deepslate":3,"minecraft:iron_ore":59,"minecraft:barrel":2,"minecraft:andesite":58,"minecraft:pumpkin":6,"minecraft:deepslate_lapis_ore":6,"minecraft:deepslate_iron_ore":4,"minecraft:packed_ice":26,"minecraft:stone":232,"minecraft:podzol":30,"minecraft:gray_terracotta":13,"minecraft:powder_snow":15,"minecraft:clay":30,"minecraft:crafting_table":2,"minecraft:torch":6,"minecraft:calcite":67,"minecraft:melon":9,"minecraft:chest":9,"minecraft:copper_ore":83,"minecraft:cobblestone":6,"minecraft:deepslate_gold_ore":6,"minecraft:oak_planks":37,"minecraft:diorite":104,"minecraft:wall_torch":1,"minecraft:amethyst_block":70,"minecraft:deepslate_copper_ore":3,"minecraft:birch_sapling":1,"minecraft:white_terracotta":33,"minecraft:blue_terracotta":3,"minecraft:birch_log":37,"minecraft:blue_ice":13,"minecraft:spruce_log":16,"minecraft:oak_log":85,"minecraft:coal_ore":33,"minecraft:gravel":48,"minecraft:dripstone_block":9,"minecraft:dirt":68,"minecraft:smooth_basalt":43,"minecraft:terracotta":18,"minecraft:raw_copper_block":3,"minecraft:gold_ore":10,"minecraft:deepslate":40},"minecraft:dropped":{"minecraft:rotten_flesh":2,"shy_guy:disturbing_photo":1,"minecraft:stone_pickaxe":1},"minecraft:killed":{"minecraft:spider":5,"endofherobrine:rabbit":1,"minecraft:rabbit":1,"minecraft:creeper":1,"minecraft:polar_bear":3,"minecraft:goat":3,"minecraft:zombie":1,"minecraft:stray":3},"minecraft:broken":{"minecraft:wooden_shovel":4,"minecraft:wooden_pickaxe":2,"minecraft:stone_pickaxe":4,"minecraft:wooden_axe":1}},"DataVersion":3465}