{"stats":{"minecraft:mined":{"minecraft:grass_block":19,"minecraft:oak_log":13,"minecraft:dirt":1},"minecraft:used":{"minecraft:dirt":17,"minecraft:crafting_table":1,"minecraft:wooden_shovel":2},"minecraft:custom":{"minecraft:time_since_rest":910,"minecraft:open_chest":12,"minecraft:crouch_one_cm":12745,"minecraft:walk_one_cm":8366,"minecraft:play_time":16942,"minecraft:damage_taken":5667,"minecraft:deaths":15,"minecraft:sneak_time":6268,"minecraft:jump":54,"minecraft:damage_dealt":498,"minecraft:time_since_death":869,"minecraft:damage_resisted":30,"minecraft:total_world_time":16942,"minecraft:fall_one_cm":211,"minecraft:interact_with_crafting_table":7,"minecraft:fly_one_cm":3566},"minecraft:picked_up":{"minecraft:oak_log":12,"minecraft:dirt":21},"minecraft:crafted":{"minecraft:oak_planks":20,"minecraft:crafting_table":1,"minecraft:stick":8,"minecraft:wooden_axe":2}},"DataVersion":3465}