{"stats":{"minecraft:picked_up":{"minecraft:birch_log":16,"minecraft:crafting_table":1,"minecraft:clay_ball":96,"minecraft:pumpkin":4,"minecraft:gravel":20,"minecraft:flint":5,"minecraft:oak_log":46,"minecraft:dirt":131,"minecraft:melon_slice":43,"minecraft:birch_sapling":1,"minecraft:egg":1},"minecraft:used":{"minecraft:wooden_axe":59,"minecraft:water_bucket":1,"minecraft:wooden_shovel":151,"minecraft:torch":1,"minecraft:dirt":70,"minecraft:crafting_table":2},"minecraft:crafted":{"minecraft:oak_planks":48,"minecraft:wooden_shovel":3,"minecraft:crafting_table":1,"minecraft:stick":16,"minecraft:wooden_axe":3},"minecraft:mined":{"minecraft:birch_sapling":1,"minecraft:podzol":25,"minecraft:birch_log":17,"minecraft:pumpkin":4,"minecraft:crafting_table":1,"minecraft:clay":21,"minecraft:oak_log":42,"minecraft:grass_block":100,"minecraft:melon":8,"minecraft:gravel":25,"minecraft:dirt":8},"minecraft:broken":{"minecraft:wooden_axe":1,"minecraft:wooden_shovel":2},"minecraft:custom":{"minecraft:sprint_one_cm":587,"minecraft:damage_taken":6357,"minecraft:walk_one_cm":30355,"minecraft:mob_kills":1,"minecraft:damage_dealt":532,"minecraft:interact_with_crafting_table":14,"minecraft:fly_one_cm":4453,"minecraft:open_chest":70,"minecraft:crouch_one_cm":26598,"minecraft:play_time":43951,"minecraft:deaths":17,"minecraft:sneak_time":15193,"minecraft:walk_under_water_one_cm":716,"minecraft:jump":65,"minecraft:leave_game":1,"minecraft:walk_on_water_one_cm":1087,"minecraft:time_since_death":25253,"minecraft:total_world_time":43951,"minecraft:damage_resisted":30,"minecraft:fall_one_cm":211,"minecraft:time_since_rest":25317}},"DataVersion":3465}