{"stats":{"minecraft:used":{"minecraft:wooden_axe":2,"minecraft:birch_planks":28,"minecraft:chest":5,"minecraft:wooden_shovel":2,"minecraft:dirt":6,"minecraft:crafting_table":1},"minecraft:dropped":{"minecraft:dirt":6},"minecraft:custom":{"minecraft:time_since_rest":322,"minecraft:sprint_one_cm":753,"minecraft:damage_taken":2943,"minecraft:walk_one_cm":64445,"minecraft:mob_kills":1,"minecraft:drop":6,"minecraft:damage_dealt":76,"minecraft:interact_with_crafting_table":6,"minecraft:fly_one_cm":15207,"minecraft:open_chest":68,"minecraft:crouch_one_cm":13113,"minecraft:play_time":29226,"minecraft:deaths":8,"minecraft:sneak_time":4705,"minecraft:walk_under_water_one_cm":3837,"minecraft:jump":26,"minecraft:time_since_death":294,"minecraft:walk_on_water_one_cm":1200,"minecraft:total_world_time":29226,"minecraft:fall_one_cm":267},"minecraft:picked_up":{"minecraft:wooden_axe":4,"minecraft:stick":8,"minecraft:clay_ball":120,"minecraft:pumpkin":5,"minecraft:leather":3,"minecraft:wooden_pickaxe":1,"minecraft:gravel":4,"minecraft:flint":3,"minecraft:oak_log":39,"minecraft:carrot":1,"minecraft:dirt":59,"minecraft:pumpkin_seeds":1,"minecraft:wheat_seeds":6,"minecraft:bucket":1,"minecraft:azalea":1,"minecraft:wooden_shovel":10,"minecraft:oak_sapling":2,"minecraft:melon_slice":66,"minecraft:melon_seeds":1,"minecraft:chest":1,"minecraft:birch_sapling":1,"minecraft:oak_planks":56,"minecraft:egg":3,"minecraft:birch_log":16},"minecraft:killed":{"minecraft:zombie":1},"minecraft:crafted":{"minecraft:oak_planks":36,"minecraft:crafting_table":1,"minecraft:stick":24,"minecraft:wooden_axe":1,"minecraft:chest":4,"minecraft:birch_planks":64},"minecraft:mined":{"minecraft:podzol":2,"minecraft:birch_log":1,"minecraft:clay":1,"minecraft:grass_block":4,"minecraft:oak_log":2,"minecraft:melon":1}},"DataVersion":3465}