{"stats":{"minecraft:custom":{"minecraft:interact_with_crafting_table":199,"minecraft:open_barrel":228,"minecraft:leave_game":7,"minecraft:time_since_death":68,"minecraft:damage_resisted":30,"minecraft:sprint_one_cm":279812,"minecraft:drop":105,"minecraft:play_noteblock":4,"minecraft:talked_to_villager":2,"minecraft:play_time":639580,"minecraft:deaths":74,"minecraft:jump":2541,"minecraft:walk_on_water_one_cm":9306,"minecraft:interact_with_furnace":181,"minecraft:play_record":12,"minecraft:sleep_in_bed":5,"minecraft:damage_dealt":25434,"minecraft:crouch_one_cm":360458,"minecraft:use_cauldron":2,"minecraft:horse_one_cm":446,"minecraft:interact_with_smithing_table":17,"minecraft:mob_kills":97,"minecraft:interact_with_campfire":5,"minecraft:damage_dealt_resisted":726,"minecraft:climb_one_cm":20949,"minecraft:walk_one_cm":1082894,"minecraft:sneak_time":203348,"minecraft:walk_under_water_one_cm":1958,"minecraft:total_world_time":639580,"minecraft:tune_noteblock":29,"minecraft:time_since_rest":100,"minecraft:damage_taken":28113,"minecraft:fly_one_cm":309796,"minecraft:open_chest":2029,"minecraft:fall_one_cm":33307},"minecraft:crafted":{"minecraft:oak_planks":488,"minecraft:barrel":6,"minecraft:cooked_chicken":6,"minecraft:glass":86,"minecraft:raw_copper":9,"minecraft:chest":1,"minecraft:oak_fence":51,"minecraft:oak_slab":12,"minecraft:wooden_shovel":6,"minecraft:cauldron":1,"minecraft:crafting_table":1,"minecraft:spruce_planks":24,"tacz:ammo_box":1,"farmersdelight:flint_knife":1,"minecraft:wooden_pickaxe":2,"minecraft:smithing_table":1,"minecraft:copper_ingot":276,"minecraft:birch_planks":20,"minecraft:campfire":1,"simplyswords:iron_scythe":2,"farmersdelight:cutting_board":1,"minecraft:wooden_hoe":2,"minecraft:diamond_pickaxe":1,"minecraft:charcoal":3,"create:water_wheel":1,"minecraft:stick":348,"minecraft:iron_ingot":187,"minecraft:iron_pickaxe":17,"minecraft:iron_block":1,"minecraft:gold_ingot":71,"farmersdelight:sweet_berry_cheesecake":6,"minecraft:shears":1,"minecraft:cobbled_deepslate_slab":6,"minecraft:raw_iron":27,"minecraft:jukebox":1,"minecraft:iron_nugget":9,"minecraft:furnace":1,"farmersdelight:pie_crust":10,"minecraft:ladder":3,"minecraft:stone_pickaxe":36,"minecraft:dark_oak_planks":4,"minecraft:wheat":99,"create:andesite_alloy":2,"tacz:gun_smith_table":1,"minecraft:stone_axe":35,"minecraft:air":0,"minecraft:oak_fence_gate":13,"minecraft:raw_gold":45,"minecraft:wooden_axe":5,"minecraft:white_bed":1,"minecraft:note_block":1,"create:shaft":8,"minecraft:torch":24},"minecraft:picked_up":{"minecraft:wooden_axe":2,"minecraft:seagrass":2,"minecraft:music_disc_strad":6,"minecraft:wheat":11,"minecraft:chainmail_boots":1,"minecraft:oak_stairs":3,"minecraft:golden_sword":3,"minecraft:amethyst_block":158,"minecraft:string":13,"minecraft:dead_tube_coral_block":10,"minecraft:raw_copper":843,"minecraft:oak_sign":1,"create:water_wheel":1,"minecraft:deepslate_tiles":61,"minecraft:red_sand":42,"minecraft:cobbled_deepslate":237,"minecraft:spruce_planks":4,"minecraft:calcite":111,"minecraft:azalea":1,"minecraft:wooden_shovel":5,"minecraft:iron_pickaxe":1,"minecraft:melon_slice":67,"minecraft:furnace":1,"minecraft:golden_helmet":2,"minecraft:brown_terracotta":12,"minecraft:oak_fence":9,"minecraft:torch":19,"minecraft:acacia_log":15,"minecraft:pointed_dripstone":1,"minecraft:diorite":181,"minecraft:green_terracotta":9,"minecraft:rotten_flesh":29,"minecraft:music_disc_ward":1,"minecraft:cyan_terracotta":15,"minecraft:white_terracotta":42,"minecraft:cod":4,"minecraft:cobblestone":355,"minecraft:sponge":13,"minecraft:birch_log":47,"minecraft:leather_chestplate":1,"minecraft:feather":7,"minecraft:andesite":91,"minecraft:flint":15,"minecraft:tuff":85,"minecraft:prismarine_bricks":75,"minecraft:lapis_lazuli":325,"minecraft:dirt":394,"minecraft:glass":7,"minecraft:bone":6,"minecraft:gray_terracotta":11,"minecraft:wheat_seeds":35,"minecraft:raw_gold":66,"minecraft:rabbit":4,"tacz:gun_smith_table":2,"minecraft:moss_block":160,"minecraft:prismarine":75,"minecraft:oak_planks":59,"minecraft:music_disc_13":1,"minecraft:sand":95,"minecraft:red_terracotta":4,"minecraft:dark_oak_log":42,"minecraft:barrel":2,"minecraft:mossy_cobblestone":1,"minecraft:dark_prismarine":56,"minecraft:light_gray_terracotta":17,"minecraft:blue_terracotta":15,"minecraft:diamond":29,"minecraft:dead_brain_coral_block":18,"minecraft:crossbow":2,"minecraft:granite":136,"minecraft:emerald":10,"minecraft:rooted_dirt":38,"minecraft:oak_sapling":5,"minecraft:music_disc_5":2,"minecraft:crafting_table":2,"farmersdelight:sweet_berry_cheesecake_slice":24,"minecraft:chicken":8,"minecraft:ladder":3,"minecraft:clay_ball":368,"minecraft:wooden_pickaxe":5,"minecraft:cooked_rabbit":2,"minecraft:dead_horn_coral_block":14,"tacz:ammo":300,"minecraft:candle":1,"minecraft:birch_sapling":4,"minecraft:chest":11,"minecraft:raw_copper_block":1,"minecraft:egg":15,"minecraft:raw_iron":165,"minecraft:sandstone":37,"minecraft:raw_gold_block":5,"minecraft:copper_ingot":1,"minecraft:note_block":3,"minecraft:trident":1,"minecraft:redstone":9,"minecraft:prismarine_crystals":80,"minecraft:arrow":13,"minecraft:cooked_cod":3,"minecraft:deepslate_bricks":110,"minecraft:hay_block":11,"minecraft:yellow_terracotta":13,"minecraft:glow_berries":2,"minecraft:white_wool":3,"minecraft:golden_carrot":1,"minecraft:glow_ink_sac":7,"minecraft:salmon":2,"minecraft:leather":1,"minecraft:oak_log":152,"minecraft:gunpowder":11,"minecraft:orange_terracotta":8,"minecraft:apple":3,"shy_guy:disturbing_photo":1,"minecraft:red_sandstone":22,"minecraft:rabbit_hide":1,"minecraft:oak_fence_gate":2,"minecraft:stone_pickaxe":4,"minecraft:cooked_chicken":1,"minecraft:smooth_basalt":65,"minecraft:pumpkin":7,"minecraft:sweet_berries":122,"minecraft:raw_iron_block":3,"minecraft:dripstone_block":96,"minecraft:gravel":87,"minecraft:dead_fire_coral_block":13,"minecraft:spruce_log":39,"minecraft:spider_eye":5,"minecraft:pumpkin_seeds":1,"minecraft:dried_kelp_block":12,"minecraft:stone_axe":7,"tacz:modern_kinetic_gun":3,"minecraft:dead_bubble_coral_block":9,"minecraft:terracotta":31,"minecraft:melon_seeds":1,"minecraft:coal":129},"minecraft:broken":{"minecraft:wooden_shovel":4,"minecraft:stone_pickaxe":8,"minecraft:stone_axe":1,"minecraft:wooden_axe":1,"minecraft:wooden_pickaxe":2,"minecraft:iron_pickaxe":1},"minecraft:killed":{"doppelgangermod:dp_creeper":2,"minecraft:spider":14,"minecraft:cod":1,"minecraft:skeleton":12,"minecraft:chicken":8,"minecraft:creeper":11,"minecraft:pillager":4,"minecraft:goat":3,"minecraft:zombie":18,"minecraft:stray":3,"endofherobrine:rabbit":1,"the_knocker:knockerstalk":2,"the_knocker:knockerstalklooked":2,"minecraft:drowned":5,"minecraft:husk":2,"minecraft:rabbit":1,"minecraft:polar_bear":3},"minecraft:used":{"minecraft:moss_block":7,"minecraft:writable_book":1,"minecraft:dead_horn_coral_block":1,"minecraft:ladder":5,"minecraft:chest":13,"minecraft:white_terracotta":3,"minecraft:iron_sword":3,"minecraft:tuff":12,"minecraft:music_disc_13":1,"minecraft:axolotl_bucket":1,"minecraft:snowball":5,"minecraft:milk_bucket":1,"minecraft:glass":85,"minecraft:grass_block":1,"minecraft:panda_spawn_egg":1,"minecraft:music_disc_ward":2,"farmersdelight:cutting_board":1,"minecraft:sweet_berries":43,"minecraft:furnace":2,"minecraft:egg":13,"minecraft:diorite":115,"minecraft:stone_pickaxe":1943,"minecraft:prismarine":1,"minecraft:oak_planks":104,"minecraft:leather_chestplate":1,"minecraft:wooden_pickaxe":106,"minecraft:sandstone":4,"minecraft:glow_berries":2,"minecraft:crossbow":2,"minecraft:note_block":3,"minecraft:deepslate_tiles":5,"minecraft:melon_slice":52,"minecraft:smithing_table":1,"minecraft:andesite":13,"minecraft:bone_meal":13,"minecraft:oak_fence":54,"minecraft:spruce_planks":8,"tacz:gun_smith_table":3,"minecraft:music_disc_5":2,"minecraft:wooden_shovel":237,"minecraft:cooked_chicken":3,"minecraft:torch":27,"minecraft:dirt":214,"minecraft:spyglass":2,"minecraft:cod_bucket":2,"minecraft:salmon_bucket":1,"minecraft:granite":42,"minecraft:oak_fence_gate":13,"minecraft:wooden_axe":100,"minecraft:barrel":7,"minecraft:smooth_basalt":18,"minecraft:golden_carrot":3,"minecraft:cobbled_deepslate":25,"minecraft:powder_snow_bucket":3,"minecraft:pointed_dripstone":2,"minecraft:calcite":10,"minecraft:wheat_seeds":24,"minecraft:water_bucket":2,"minecraft:cauldron":1,"minecraft:sheep_spawn_egg":1,"minecraft:crafting_table":3,"minecraft:white_bed":1,"minecraft:campfire":1,"minecraft:music_disc_strad":7,"minecraft:gray_terracotta":5,"minecraft:wooden_hoe":26,"minecraft:diamond_pickaxe":1,"minecraft:iron_pickaxe":1101,"create:water_wheel":2,"minecraft:stone_axe":593,"minecraft:cobbled_deepslate_slab":1,"minecraft:cobblestone":9,"minecraft:bucket":5,"minecraft:jukebox":1},"minecraft:dropped":{"minecraft:cooked_cod":2,"minecraft:iron_pickaxe":1,"minecraft:stone_axe":1,"minecraft:cooked_chicken":1,"minecraft:cobbled_deepslate":14,"minecraft:rotten_flesh":33,"minecraft:prismarine":11,"minecraft:salmon":2,"minecraft:deepslate_tiles":8,"minecraft:golden_helmet":1,"minecraft:torch":2,"minecraft:melon_slice":3,"minecraft:sweet_berries":11,"shy_guy:disturbing_photo":1,"minecraft:oak_sign":1,"minecraft:deepslate_bricks":22,"minecraft:golden_sword":2,"minecraft:stone_pickaxe":2},"minecraft:mined":{"minecraft:spruce_planks":8,"minecraft:granite":130,"minecraft:budding_amethyst":30,"minecraft:red_sand":36,"minecraft:acacia_log":10,"minecraft:grass_block":239,"minecraft:dead_tube_coral_block":2,"minecraft:deepslate_bricks":99,"minecraft:bubble_coral_block":9,"tacz:gun_smith_table":2,"minecraft:tube_coral_block":8,"minecraft:raw_iron_block":3,"minecraft:cobbled_deepslate":24,"minecraft:iron_ore":96,"minecraft:barrel":2,"minecraft:pumpkin":7,"minecraft:deepslate_lapis_ore":34,"minecraft:pointed_dripstone":1,"minecraft:oak_sign":1,"minecraft:oak_stairs":3,"minecraft:brain_coral_block":17,"minecraft:gray_terracotta":13,"minecraft:cyan_terracotta":15,"minecraft:orange_terracotta":8,"minecraft:powder_snow":15,"minecraft:clay":88,"minecraft:note_block":3,"minecraft:torch":8,"minecraft:light_gray_terracotta":19,"minecraft:calcite":113,"minecraft:melon":13,"minecraft:chest":9,"minecraft:glass":3,"minecraft:cobblestone":9,"minecraft:prismarine":87,"minecraft:oak_planks":40,"minecraft:wall_torch":1,"minecraft:amethyst_block":157,"minecraft:deepslate_copper_ore":74,"minecraft:birch_sapling":1,"minecraft:white_terracotta":44,"minecraft:blue_terracotta":15,"minecraft:birch_log":44,"minecraft:wheat":12,"minecraft:blue_ice":13,"minecraft:oak_log":146,"minecraft:oak_fence_gate":1,"minecraft:sand":95,"minecraft:dirt":94,"minecraft:smooth_basalt":66,"minecraft:raw_copper_block":3,"minecraft:horn_coral_block":9,"minecraft:deepslate":223,"minecraft:suspicious_gravel":39,"minecraft:yellow_terracotta":13,"minecraft:deepslate_tiles":50,"minecraft:dark_prismarine":62,"minecraft:diamond_ore":10,"minecraft:tuff":78,"minecraft:mossy_cobblestone":1,"minecraft:deepslate_diamond_ore":20,"minecraft:dark_oak_log":42,"minecraft:sea_lantern":33,"minecraft:ladder":2,"minecraft:moss_block":118,"minecraft:sandstone":37,"minecraft:rooted_dirt":37,"minecraft:hay_block":11,"minecraft:redstone_ore":2,"minecraft:furnace":1,"minecraft:raw_gold_block":5,"minecraft:red_sandstone":22,"minecraft:suspicious_sand":10,"minecraft:green_terracotta":6,"minecraft:andesite":90,"minecraft:dead_horn_coral_block":5,"minecraft:deepslate_iron_ore":59,"minecraft:packed_ice":35,"minecraft:stone":331,"minecraft:fire_coral_block":11,"minecraft:podzol":34,"minecraft:oak_fence":2,"minecraft:crafting_table":2,"minecraft:emerald_ore":9,"minecraft:sponge":13,"create:water_wheel":1,"endofherobrine:glowing_obsidian":1,"minecraft:copper_ore":140,"minecraft:deepslate_coal_ore":40,"minecraft:dried_kelp_block":12,"minecraft:lapis_ore":18,"minecraft:deepslate_gold_ore":41,"minecraft:diorite":180,"minecraft:prismarine_bricks":82,"minecraft:dead_fire_coral_block":2,"minecraft:red_terracotta":4,"minecraft:sweet_berry_bush":16,"minecraft:spruce_log":39,"minecraft:dead_brain_coral_block":1,"minecraft:coal_ore":76,"minecraft:gravel":76,"minecraft:dripstone_block":86,"minecraft:brown_terracotta":8,"minecraft:terracotta":34,"minecraft:gold_ore":27,"minecraft:deepslate_emerald_ore":1}},"DataVersion":3465}