{"stats":{"minecraft:custom":{"minecraft:mob_kills":31,"minecraft:interact_with_crafting_table":95,"minecraft:open_barrel":47,"minecraft:interact_with_campfire":5,"minecraft:damage_dealt_resisted":80,"minecraft:leave_game":3,"minecraft:time_since_death":44674,"minecraft:climb_one_cm":20292,"minecraft:damage_resisted":30,"minecraft:sprint_one_cm":120890,"minecraft:walk_one_cm":457755,"minecraft:drop":9,"minecraft:play_time":293751,"minecraft:deaths":36,"minecraft:sneak_time":99764,"minecraft:walk_under_water_one_cm":716,"minecraft:jump":1247,"minecraft:walk_on_water_one_cm":1087,"minecraft:total_world_time":293751,"minecraft:interact_with_furnace":98,"minecraft:time_since_rest":44702,"minecraft:damage_taken":14312,"minecraft:damage_dealt":12433,"minecraft:fly_one_cm":130269,"minecraft:open_chest":854,"minecraft:crouch_one_cm":151529,"minecraft:fall_one_cm":25603},"minecraft:crafted":{"minecraft:oak_planks":316,"minecraft:raw_iron":9,"minecraft:barrel":6,"minecraft:furnace":1,"minecraft:raw_copper":9,"minecraft:ladder":3,"minecraft:stone_pickaxe":19,"minecraft:chest":1,"minecraft:dark_oak_planks":4,"minecraft:oak_fence":51,"minecraft:oak_slab":12,"minecraft:wooden_shovel":5,"minecraft:cauldron":1,"minecraft:crafting_table":1,"minecraft:spruce_planks":12,"minecraft:wooden_pickaxe":2,"tacz:gun_smith_table":1,"minecraft:copper_ingot":155,"minecraft:birch_planks":20,"minecraft:campfire":1,"minecraft:stone_axe":11,"minecraft:air":0,"minecraft:oak_fence_gate":8,"minecraft:charcoal":3,"minecraft:raw_gold":45,"minecraft:stick":176,"minecraft:iron_ingot":74,"minecraft:iron_pickaxe":3,"minecraft:wooden_axe":5,"minecraft:iron_block":1,"minecraft:gold_ingot":17,"minecraft:torch":20},"minecraft:picked_up":{"minecraft:wooden_axe":2,"minecraft:crafting_table":2,"minecraft:ladder":2,"minecraft:clay_ball":132,"minecraft:wooden_pickaxe":5,"minecraft:cooked_rabbit":2,"minecraft:amethyst_block":79,"minecraft:string":4,"minecraft:raw_copper":361,"tacz:ammo":60,"minecraft:deepslate_tiles":10,"minecraft:cobbled_deepslate":75,"minecraft:calcite":70,"minecraft:azalea":1,"minecraft:wooden_shovel":5,"minecraft:melon_slice":48,"minecraft:chest":10,"minecraft:birch_sapling":4,"minecraft:egg":9,"minecraft:raw_copper_block":1,"minecraft:furnace":1,"minecraft:raw_iron":70,"minecraft:raw_gold_block":5,"minecraft:oak_fence":6,"minecraft:torch":17,"minecraft:diorite":108,"minecraft:arrow":7,"minecraft:rotten_flesh":5,"minecraft:cooked_cod":3,"minecraft:deepslate_bricks":17,"minecraft:white_terracotta":31,"minecraft:cod":3,"minecraft:cobblestone":261,"minecraft:birch_log":40,"minecraft:golden_carrot":1,"minecraft:andesite":66,"minecraft:flint":14,"minecraft:tuff":21,"minecraft:oak_log":96,"minecraft:gunpowder":3,"minecraft:lapis_lazuli":59,"minecraft:dirt":331,"minecraft:bone":2,"minecraft:apple":3,"shy_guy:disturbing_photo":1,"minecraft:gray_terracotta":11,"minecraft:raw_gold":28,"minecraft:rabbit_hide":1,"minecraft:stone_pickaxe":1,"minecraft:oak_fence_gate":2,"minecraft:rabbit":4,"tacz:gun_smith_table":2,"minecraft:oak_planks":56,"minecraft:smooth_basalt":45,"minecraft:pumpkin":7,"minecraft:sweet_berries":5,"minecraft:raw_iron_block":1,"minecraft:dripstone_block":8,"minecraft:gravel":60,"minecraft:spruce_log":21,"minecraft:barrel":2,"minecraft:dark_oak_log":12,"minecraft:spider_eye":2,"minecraft:pumpkin_seeds":1,"minecraft:blue_terracotta":3,"minecraft:diamond":1,"tacz:modern_kinetic_gun":1,"minecraft:stone_axe":2,"minecraft:granite":100,"minecraft:terracotta":18,"minecraft:oak_sapling":5,"minecraft:melon_seeds":1,"minecraft:coal":47},"minecraft:used":{"minecraft:oak_fence":48,"minecraft:writable_book":1,"minecraft:ladder":4,"tacz:gun_smith_table":3,"minecraft:chest":11,"minecraft:white_terracotta":3,"minecraft:wooden_shovel":224,"minecraft:torch":24,"minecraft:dirt":191,"minecraft:spyglass":2,"minecraft:tuff":5,"minecraft:granite":41,"minecraft:oak_fence_gate":8,"minecraft:wooden_axe":100,"minecraft:grass_block":1,"minecraft:barrel":7,"minecraft:smooth_basalt":17,"minecraft:golden_carrot":1,"minecraft:sweet_berries":8,"minecraft:furnace":2,"minecraft:egg":11,"minecraft:cobbled_deepslate":9,"minecraft:powder_snow_bucket":1,"minecraft:calcite":9,"minecraft:water_bucket":1,"minecraft:diorite":55,"minecraft:stone_pickaxe":1002,"minecraft:oak_planks":94,"minecraft:wooden_pickaxe":106,"minecraft:cauldron":1,"minecraft:crafting_table":3,"minecraft:campfire":1,"minecraft:gray_terracotta":5,"minecraft:melon_slice":45,"minecraft:iron_pickaxe":176,"minecraft:stone_axe":247,"minecraft:cobblestone":6,"minecraft:bucket":1,"minecraft:andesite":13},"minecraft:mined":{"minecraft:deepslate_tiles":10,"minecraft:diamond_ore":1,"minecraft:tuff":21,"minecraft:dark_oak_log":12,"minecraft:ladder":2,"minecraft:granite":99,"minecraft:budding_amethyst":6,"minecraft:grass_block":215,"minecraft:deepslate_bricks":17,"tacz:gun_smith_table":2,"minecraft:raw_iron_block":1,"minecraft:furnace":1,"minecraft:raw_gold_block":5,"minecraft:cobbled_deepslate":4,"minecraft:iron_ore":59,"minecraft:barrel":2,"minecraft:andesite":65,"minecraft:pumpkin":7,"minecraft:deepslate_lapis_ore":8,"minecraft:deepslate_iron_ore":9,"minecraft:packed_ice":26,"minecraft:stone":244,"minecraft:podzol":31,"minecraft:gray_terracotta":13,"minecraft:powder_snow":15,"minecraft:clay":30,"minecraft:crafting_table":2,"minecraft:torch":7,"minecraft:calcite":74,"minecraft:melon":9,"minecraft:chest":9,"minecraft:copper_ore":83,"minecraft:cobblestone":6,"minecraft:deepslate_coal_ore":8,"minecraft:deepslate_gold_ore":20,"minecraft:oak_planks":37,"minecraft:diorite":105,"minecraft:wall_torch":1,"minecraft:amethyst_block":79,"minecraft:deepslate_copper_ore":13,"minecraft:birch_sapling":1,"minecraft:white_terracotta":33,"minecraft:blue_terracotta":3,"minecraft:birch_log":37,"minecraft:blue_ice":13,"minecraft:spruce_log":21,"minecraft:oak_log":86,"minecraft:coal_ore":35,"minecraft:gravel":48,"minecraft:dripstone_block":9,"minecraft:dirt":68,"minecraft:smooth_basalt":49,"minecraft:terracotta":18,"minecraft:raw_copper_block":3,"minecraft:gold_ore":10,"minecraft:deepslate":71},"minecraft:dropped":{"minecraft:rotten_flesh":7,"shy_guy:disturbing_photo":1,"minecraft:stone_pickaxe":1},"minecraft:killed":{"minecraft:spider":5,"minecraft:skeleton":3,"endofherobrine:rabbit":1,"the_knocker:knockerstalk":2,"minecraft:rabbit":1,"minecraft:creeper":3,"minecraft:polar_bear":3,"minecraft:goat":3,"minecraft:zombie":3,"minecraft:stray":3},"minecraft:broken":{"minecraft:wooden_shovel":4,"minecraft:wooden_pickaxe":2,"minecraft:stone_pickaxe":5,"minecraft:wooden_axe":1}},"DataVersion":3465}