{"stats":{"minecraft:picked_up":{"minecraft:wooden_axe":2,"minecraft:birch_log":31,"minecraft:crafting_table":2,"minecraft:golden_carrot":1,"minecraft:clay_ball":108,"minecraft:andesite":20,"minecraft:wooden_pickaxe":5,"minecraft:flint":14,"minecraft:oak_log":68,"minecraft:gunpowder":1,"minecraft:amethyst_block":9,"minecraft:string":4,"minecraft:dirt":216,"minecraft:raw_copper":119,"minecraft:apple":3,"minecraft:rabbit_hide":1,"minecraft:oak_fence_gate":2,"minecraft:stone_pickaxe":1,"minecraft:calcite":9,"minecraft:azalea":1,"minecraft:wooden_shovel":5,"minecraft:rabbit":4,"minecraft:melon_slice":43,"minecraft:chest":5,"minecraft:birch_sapling":4,"minecraft:oak_planks":53,"minecraft:furnace":1,"minecraft:egg":9,"minecraft:raw_iron":13,"minecraft:smooth_basalt":2,"minecraft:pumpkin":4,"minecraft:oak_fence":6,"minecraft:torch":12,"minecraft:gravel":60,"minecraft:diorite":35,"minecraft:spider_eye":1,"minecraft:pumpkin_seeds":1,"minecraft:stone_axe":1,"minecraft:granite":19,"minecraft:oak_sapling":5,"minecraft:melon_seeds":1,"minecraft:coal":19,"minecraft:cobblestone":97},"minecraft:used":{"minecraft:oak_fence":48,"minecraft:water_bucket":1,"minecraft:diorite":27,"minecraft:stone_pickaxe":135,"minecraft:ladder":3,"minecraft:oak_planks":92,"minecraft:chest":5,"minecraft:wooden_pickaxe":106,"minecraft:wooden_shovel":224,"minecraft:torch":15,"minecraft:dirt":167,"minecraft:crafting_table":3,"minecraft:granite":16,"minecraft:oak_fence_gate":8,"minecraft:wooden_axe":100,"minecraft:grass_block":1,"minecraft:stone_axe":54,"minecraft:furnace":2,"minecraft:andesite":10,"minecraft:egg":1},"minecraft:crafted":{"minecraft:oak_planks":256,"minecraft:wooden_shovel":5,"minecraft:crafting_table":1,"minecraft:wooden_pickaxe":2,"minecraft:furnace":1,"minecraft:copper_ingot":47,"minecraft:stone_axe":4,"minecraft:air":0,"minecraft:oak_fence_gate":8,"minecraft:ladder":3,"minecraft:stick":136,"minecraft:iron_ingot":8,"minecraft:stone_pickaxe":7,"minecraft:wooden_axe":5,"minecraft:torch":16,"minecraft:oak_fence":51},"minecraft:mined":{"minecraft:podzol":30,"minecraft:clay":24,"minecraft:crafting_table":2,"minecraft:torch":6,"minecraft:granite":20,"minecraft:calcite":9,"minecraft:grass_block":125,"minecraft:melon":8,"minecraft:chest":4,"minecraft:copper_ore":25,"minecraft:oak_planks":34,"minecraft:diorite":29,"minecraft:wall_torch":1,"minecraft:amethyst_block":9,"minecraft:birch_sapling":1,"minecraft:furnace":1,"minecraft:birch_log":28,"minecraft:iron_ore":11,"minecraft:andesite":19,"minecraft:pumpkin":4,"minecraft:oak_log":58,"minecraft:coal_ore":15,"minecraft:gravel":48,"minecraft:dirt":45,"minecraft:smooth_basalt":2,"minecraft:stone":84},"minecraft:broken":{"minecraft:wooden_shovel":4,"minecraft:wooden_axe":1,"minecraft:wooden_pickaxe":2},"minecraft:custom":{"minecraft:interact_with_furnace":29,"minecraft:mob_kills":8,"minecraft:interact_with_crafting_table":45,"minecraft:climb_one_cm":424,"minecraft:leave_game":1,"minecraft:time_since_death":3926,"minecraft:damage_resisted":30,"minecraft:time_since_rest":3985,"minecraft:sprint_one_cm":48852,"minecraft:damage_taken":10359,"minecraft:walk_one_cm":181469,"minecraft:damage_dealt":3654,"minecraft:fly_one_cm":47941,"minecraft:open_chest":299,"minecraft:crouch_one_cm":67065,"minecraft:play_time":127951,"minecraft:deaths":28,"minecraft:sneak_time":37765,"minecraft:walk_under_water_one_cm":716,"minecraft:jump":448,"minecraft:walk_on_water_one_cm":1087,"minecraft:total_world_time":127951,"minecraft:fall_one_cm":7149},"minecraft:killed":{"minecraft:rabbit":1,"minecraft:spider":4,"minecraft:creeper":1,"endofherobrine:rabbit":1}},"DataVersion":3465}