{"stats":{"minecraft:mined":{"minecraft:grass_block":1},"minecraft:used":{"minecraft:dirt":1,"minecraft:wooden_shovel":2},"minecraft:custom":{"minecraft:jump":4,"minecraft:time_since_rest":470,"minecraft:damage_dealt":36,"minecraft:crouch_one_cm":1595,"minecraft:deaths":2,"minecraft:play_time":4942,"minecraft:damage_taken":1070,"minecraft:time_since_death":435,"minecraft:walk_one_cm":271,"minecraft:sneak_time":703,"minecraft:total_world_time":4942,"minecraft:damage_resisted":10,"minecraft:fly_one_cm":403},"minecraft:picked_up":{"minecraft:dirt":1}},"DataVersion":3465}