{"stats":{"minecraft:picked_up":{"minecraft:birch_log":28,"minecraft:raw_iron":2,"minecraft:crafting_table":1,"minecraft:andesite":5,"minecraft:golden_carrot":1,"minecraft:clay_ball":104,"minecraft:pumpkin":4,"minecraft:oak_fence":6,"minecraft:torch":8,"minecraft:wooden_pickaxe":1,"minecraft:gravel":31,"minecraft:flint":7,"minecraft:oak_log":57,"minecraft:diorite":1,"minecraft:dirt":167,"minecraft:raw_copper":17,"minecraft:apple":3,"minecraft:oak_fence_gate":2,"minecraft:wooden_shovel":1,"minecraft:melon_slice":43,"minecraft:oak_planks":1,"minecraft:birch_sapling":1,"minecraft:coal":3,"minecraft:wooden_axe":1,"minecraft:cobblestone":41,"minecraft:egg":8},"minecraft:used":{"minecraft:oak_fence":48,"minecraft:wooden_axe":84,"minecraft:water_bucket":1,"minecraft:grass_block":1,"minecraft:stone_pickaxe":8,"minecraft:wooden_pickaxe":35,"minecraft:wooden_shovel":195,"minecraft:torch":9,"minecraft:dirt":153,"minecraft:crafting_table":2,"minecraft:furnace":1,"minecraft:oak_fence_gate":8},"minecraft:crafted":{"minecraft:oak_fence_gate":8,"minecraft:oak_planks":180,"minecraft:wooden_shovel":4,"minecraft:crafting_table":1,"minecraft:stick":92,"minecraft:stone_pickaxe":1,"minecraft:wooden_pickaxe":1,"minecraft:wooden_axe":4,"minecraft:furnace":1,"minecraft:torch":8,"minecraft:oak_fence":51},"minecraft:mined":{"minecraft:birch_sapling":1,"minecraft:podzol":30,"minecraft:iron_ore":2,"minecraft:birch_log":25,"minecraft:andesite":5,"minecraft:pumpkin":4,"minecraft:crafting_table":1,"minecraft:clay":23,"minecraft:torch":3,"minecraft:coal_ore":3,"minecraft:oak_log":53,"minecraft:grass_block":120,"minecraft:melon":8,"minecraft:gravel":38,"minecraft:dirt":17,"minecraft:copper_ore":4,"minecraft:stone":28,"minecraft:diorite":1,"minecraft:wall_torch":1},"minecraft:broken":{"minecraft:wooden_axe":1,"minecraft:wooden_shovel":3},"minecraft:custom":{"minecraft:sprint_one_cm":16103,"minecraft:damage_taken":7049,"minecraft:walk_one_cm":83303,"minecraft:mob_kills":1,"minecraft:damage_dealt":930,"minecraft:interact_with_crafting_table":26,"minecraft:fly_one_cm":14394,"minecraft:open_chest":97,"minecraft:crouch_one_cm":42471,"minecraft:play_time":67951,"minecraft:deaths":18,"minecraft:sneak_time":21972,"minecraft:walk_under_water_one_cm":716,"minecraft:jump":102,"minecraft:leave_game":1,"minecraft:walk_on_water_one_cm":1087,"minecraft:time_since_death":9095,"minecraft:total_world_time":67951,"minecraft:damage_resisted":30,"minecraft:fall_one_cm":211,"minecraft:time_since_rest":9155}},"DataVersion":3465}