{"stats":{"minecraft:picked_up":{"minecraft:wooden_axe":2,"minecraft:crafting_table":2,"minecraft:clay_ball":128,"minecraft:ladder":2,"minecraft:wooden_pickaxe":5,"minecraft:amethyst_block":53,"minecraft:string":4,"minecraft:raw_copper":257,"minecraft:calcite":43,"minecraft:azalea":1,"minecraft:wooden_shovel":5,"minecraft:melon_slice":48,"minecraft:chest":5,"minecraft:birch_sapling":4,"minecraft:furnace":1,"minecraft:egg":9,"minecraft:raw_iron":50,"minecraft:raw_gold_block":5,"minecraft:oak_fence":6,"minecraft:torch":16,"minecraft:diorite":86,"minecraft:arrow":2,"minecraft:rotten_flesh":2,"minecraft:white_terracotta":29,"minecraft:cod":3,"minecraft:cobblestone":220,"minecraft:birch_log":39,"minecraft:golden_carrot":1,"minecraft:andesite":57,"minecraft:flint":14,"minecraft:oak_log":86,"minecraft:gunpowder":1,"minecraft:dirt":303,"minecraft:bone":2,"minecraft:apple":3,"shy_guy:disturbing_photo":1,"minecraft:gray_terracotta":11,"minecraft:raw_gold":7,"minecraft:rabbit_hide":1,"minecraft:stone_pickaxe":1,"minecraft:oak_fence_gate":2,"minecraft:rabbit":4,"tacz:gun_smith_table":2,"minecraft:oak_planks":56,"minecraft:smooth_basalt":29,"minecraft:pumpkin":6,"minecraft:dripstone_block":7,"minecraft:raw_iron_block":1,"minecraft:gravel":60,"minecraft:spruce_log":6,"minecraft:spider_eye":2,"minecraft:dark_oak_log":1,"minecraft:barrel":2,"minecraft:pumpkin_seeds":1,"minecraft:blue_terracotta":3,"minecraft:stone_axe":2,"tacz:modern_kinetic_gun":1,"minecraft:granite":84,"minecraft:terracotta":12,"minecraft:oak_sapling":5,"minecraft:melon_seeds":1,"minecraft:coal":32},"minecraft:used":{"minecraft:oak_fence":48,"minecraft:writable_book":1,"minecraft:ladder":4,"tacz:gun_smith_table":3,"minecraft:chest":6,"minecraft:white_terracotta":3,"minecraft:wooden_shovel":224,"minecraft:torch":23,"minecraft:dirt":191,"minecraft:granite":41,"minecraft:oak_fence_gate":8,"minecraft:wooden_axe":100,"minecraft:grass_block":1,"minecraft:barrel":7,"minecraft:smooth_basalt":5,"minecraft:furnace":2,"minecraft:egg":11,"minecraft:calcite":9,"minecraft:water_bucket":1,"minecraft:diorite":49,"minecraft:stone_pickaxe":736,"minecraft:oak_planks":94,"minecraft:wooden_pickaxe":106,"minecraft:crafting_table":3,"minecraft:campfire":1,"minecraft:gray_terracotta":5,"minecraft:melon_slice":21,"minecraft:iron_pickaxe":16,"minecraft:stone_axe":158,"minecraft:cobblestone":6,"minecraft:andesite":13},"minecraft:crafted":{"minecraft:oak_planks":316,"minecraft:raw_iron":9,"minecraft:barrel":6,"minecraft:furnace":1,"minecraft:ladder":3,"minecraft:stone_pickaxe":16,"minecraft:chest":1,"minecraft:dark_oak_planks":4,"minecraft:oak_fence":51,"minecraft:oak_slab":12,"minecraft:wooden_shovel":5,"minecraft:crafting_table":1,"minecraft:spruce_planks":8,"minecraft:wooden_pickaxe":2,"tacz:gun_smith_table":1,"minecraft:copper_ingot":155,"minecraft:birch_planks":20,"minecraft:campfire":1,"minecraft:stone_axe":9,"minecraft:air":0,"minecraft:oak_fence_gate":8,"minecraft:charcoal":3,"minecraft:raw_gold":45,"minecraft:stick":168,"minecraft:iron_ingot":48,"minecraft:iron_pickaxe":3,"minecraft:wooden_axe":5,"minecraft:iron_block":1,"minecraft:torch":20},"minecraft:mined":{"minecraft:dark_oak_log":1,"minecraft:granite":83,"minecraft:ladder":2,"minecraft:grass_block":190,"tacz:gun_smith_table":2,"minecraft:raw_iron_block":1,"minecraft:furnace":1,"minecraft:raw_gold_block":5,"minecraft:iron_ore":48,"minecraft:barrel":2,"minecraft:andesite":56,"minecraft:pumpkin":6,"minecraft:packed_ice":23,"minecraft:stone":203,"minecraft:podzol":30,"minecraft:gray_terracotta":13,"minecraft:powder_snow":11,"minecraft:clay":29,"minecraft:crafting_table":2,"minecraft:torch":6,"minecraft:calcite":47,"minecraft:melon":9,"minecraft:chest":4,"minecraft:copper_ore":66,"minecraft:cobblestone":6,"minecraft:oak_planks":37,"minecraft:diorite":79,"minecraft:wall_torch":1,"minecraft:amethyst_block":53,"minecraft:birch_sapling":1,"minecraft:white_terracotta":31,"minecraft:blue_terracotta":3,"minecraft:birch_log":36,"minecraft:blue_ice":6,"minecraft:spruce_log":6,"minecraft:coal_ore":28,"minecraft:oak_log":76,"minecraft:dripstone_block":7,"minecraft:dirt":66,"minecraft:gravel":48,"minecraft:smooth_basalt":30,"minecraft:terracotta":12,"minecraft:raw_copper_block":1,"minecraft:gold_ore":9},"minecraft:broken":{"minecraft:wooden_shovel":4,"minecraft:wooden_pickaxe":2,"minecraft:stone_pickaxe":2,"minecraft:wooden_axe":1},"minecraft:custom":{"minecraft:mob_kills":20,"minecraft:interact_with_crafting_table":88,"minecraft:open_barrel":28,"minecraft:damage_dealt_resisted":80,"minecraft:leave_game":2,"minecraft:time_since_death":38104,"minecraft:climb_one_cm":14434,"minecraft:damage_resisted":30,"minecraft:sprint_one_cm":98712,"minecraft:walk_one_cm":368886,"minecraft:drop":4,"minecraft:play_time":231686,"minecraft:deaths":35,"minecraft:sneak_time":73845,"minecraft:walk_under_water_one_cm":716,"minecraft:jump":999,"minecraft:walk_on_water_one_cm":1087,"minecraft:total_world_time":231686,"minecraft:interact_with_furnace":81,"minecraft:time_since_rest":38153,"minecraft:damage_taken":13244,"minecraft:damage_dealt":8689,"minecraft:fly_one_cm":103449,"minecraft:open_chest":663,"minecraft:crouch_one_cm":115917,"minecraft:fall_one_cm":19582},"minecraft:killed":{"minecraft:spider":5,"endofherobrine:rabbit":1,"minecraft:rabbit":1,"minecraft:creeper":1,"minecraft:polar_bear":3,"minecraft:goat":3,"minecraft:zombie":1,"minecraft:stray":3},"minecraft:dropped":{"minecraft:rotten_flesh":2,"shy_guy:disturbing_photo":1,"minecraft:stone_pickaxe":1}},"DataVersion":3465}