{"stats":{"minecraft:picked_up":{"minecraft:wooden_axe":2,"minecraft:birch_log":31,"minecraft:crafting_table":1,"minecraft:golden_carrot":1,"minecraft:clay_ball":108,"minecraft:andesite":17,"minecraft:wooden_pickaxe":5,"minecraft:flint":14,"minecraft:oak_log":66,"minecraft:gunpowder":1,"minecraft:amethyst_block":5,"minecraft:string":4,"minecraft:dirt":200,"minecraft:raw_copper":115,"minecraft:apple":3,"minecraft:oak_fence_gate":2,"minecraft:calcite":5,"minecraft:wooden_shovel":5,"minecraft:melon_slice":43,"minecraft:chest":1,"minecraft:birch_sapling":1,"minecraft:oak_planks":23,"minecraft:egg":8,"minecraft:raw_iron":10,"minecraft:smooth_basalt":1,"minecraft:pumpkin":4,"minecraft:oak_fence":6,"minecraft:torch":10,"minecraft:gravel":56,"minecraft:diorite":8,"minecraft:spider_eye":1,"minecraft:granite":12,"minecraft:coal":14,"minecraft:cobblestone":97},"minecraft:used":{"minecraft:oak_fence":48,"minecraft:water_bucket":1,"minecraft:stone_pickaxe":84,"minecraft:oak_planks":86,"minecraft:chest":1,"minecraft:wooden_pickaxe":106,"minecraft:wooden_shovel":224,"minecraft:torch":12,"minecraft:dirt":167,"minecraft:crafting_table":2,"minecraft:granite":1,"minecraft:oak_fence_gate":8,"minecraft:wooden_axe":100,"minecraft:grass_block":1,"minecraft:stone_axe":40,"minecraft:furnace":1,"minecraft:andesite":8},"minecraft:crafted":{"minecraft:oak_planks":256,"minecraft:wooden_shovel":5,"minecraft:crafting_table":1,"minecraft:wooden_pickaxe":2,"minecraft:furnace":1,"minecraft:copper_ingot":43,"minecraft:stone_axe":1,"minecraft:air":0,"minecraft:oak_fence_gate":8,"minecraft:stick":112,"minecraft:iron_ingot":5,"minecraft:stone_pickaxe":4,"minecraft:wooden_axe":5,"minecraft:torch":12,"minecraft:oak_fence":51},"minecraft:mined":{"minecraft:podzol":30,"minecraft:clay":24,"minecraft:crafting_table":1,"minecraft:torch":5,"minecraft:granite":12,"minecraft:calcite":5,"minecraft:grass_block":123,"minecraft:melon":8,"minecraft:copper_ore":24,"minecraft:oak_planks":25,"minecraft:diorite":7,"minecraft:wall_torch":1,"minecraft:amethyst_block":5,"minecraft:birch_sapling":1,"minecraft:birch_log":28,"minecraft:iron_ore":8,"minecraft:andesite":17,"minecraft:pumpkin":4,"minecraft:oak_log":56,"minecraft:coal_ore":11,"minecraft:gravel":44,"minecraft:dirt":39,"minecraft:smooth_basalt":1,"minecraft:stone":84},"minecraft:broken":{"minecraft:wooden_shovel":4,"minecraft:wooden_axe":1,"minecraft:wooden_pickaxe":2},"minecraft:custom":{"minecraft:interact_with_furnace":18,"minecraft:mob_kills":6,"minecraft:interact_with_crafting_table":35,"minecraft:leave_game":1,"minecraft:time_since_death":21229,"minecraft:damage_resisted":30,"minecraft:time_since_rest":21256,"minecraft:sprint_one_cm":28857,"minecraft:damage_taken":8519,"minecraft:walk_one_cm":127479,"minecraft:damage_dealt":3495,"minecraft:fly_one_cm":24085,"minecraft:open_chest":200,"minecraft:crouch_one_cm":61204,"minecraft:play_time":103951,"minecraft:deaths":23,"minecraft:sneak_time":34111,"minecraft:walk_under_water_one_cm":716,"minecraft:jump":291,"minecraft:walk_on_water_one_cm":1087,"minecraft:total_world_time":103951,"minecraft:fall_one_cm":5112},"minecraft:killed":{"minecraft:spider":4,"minecraft:creeper":1}},"DataVersion":3465}