{"stats":{"minecraft:picked_up":{"minecraft:wooden_axe":2,"minecraft:birch_log":31,"minecraft:crafting_table":2,"minecraft:golden_carrot":1,"minecraft:clay_ball":108,"minecraft:andesite":18,"minecraft:wooden_pickaxe":5,"minecraft:flint":14,"minecraft:oak_log":66,"minecraft:gunpowder":1,"minecraft:amethyst_block":5,"minecraft:string":4,"minecraft:dirt":204,"minecraft:raw_copper":115,"minecraft:apple":3,"minecraft:oak_fence_gate":2,"minecraft:stone_pickaxe":1,"minecraft:calcite":5,"minecraft:wooden_shovel":5,"minecraft:melon_slice":43,"minecraft:chest":4,"minecraft:birch_sapling":1,"minecraft:oak_planks":44,"minecraft:furnace":1,"minecraft:egg":9,"minecraft:raw_iron":11,"minecraft:smooth_basalt":1,"minecraft:pumpkin":4,"minecraft:oak_fence":6,"minecraft:torch":11,"minecraft:gravel":56,"minecraft:diorite":10,"minecraft:spider_eye":1,"minecraft:granite":18,"minecraft:coal":14,"minecraft:cobblestone":97},"minecraft:used":{"minecraft:oak_fence":48,"minecraft:water_bucket":1,"minecraft:diorite":4,"minecraft:stone_pickaxe":97,"minecraft:oak_planks":92,"minecraft:chest":4,"minecraft:wooden_pickaxe":106,"minecraft:wooden_shovel":224,"minecraft:torch":13,"minecraft:dirt":167,"minecraft:crafting_table":3,"minecraft:granite":15,"minecraft:oak_fence_gate":8,"minecraft:wooden_axe":100,"minecraft:grass_block":1,"minecraft:stone_axe":49,"minecraft:furnace":2,"minecraft:andesite":9,"minecraft:egg":1},"minecraft:crafted":{"minecraft:oak_planks":256,"minecraft:wooden_shovel":5,"minecraft:crafting_table":1,"minecraft:wooden_pickaxe":2,"minecraft:furnace":1,"minecraft:copper_ingot":43,"minecraft:stone_axe":3,"minecraft:air":0,"minecraft:oak_fence_gate":8,"minecraft:stick":116,"minecraft:iron_ingot":6,"minecraft:stone_pickaxe":5,"minecraft:wooden_axe":5,"minecraft:torch":12,"minecraft:oak_fence":51},"minecraft:mined":{"minecraft:podzol":30,"minecraft:clay":24,"minecraft:crafting_table":2,"minecraft:torch":5,"minecraft:granite":20,"minecraft:calcite":5,"minecraft:grass_block":123,"minecraft:melon":8,"minecraft:chest":3,"minecraft:copper_ore":24,"minecraft:oak_planks":34,"minecraft:diorite":9,"minecraft:wall_torch":1,"minecraft:amethyst_block":5,"minecraft:birch_sapling":1,"minecraft:furnace":1,"minecraft:birch_log":28,"minecraft:iron_ore":9,"minecraft:andesite":18,"minecraft:pumpkin":4,"minecraft:oak_log":56,"minecraft:coal_ore":11,"minecraft:gravel":44,"minecraft:dirt":43,"minecraft:smooth_basalt":1,"minecraft:stone":84},"minecraft:broken":{"minecraft:wooden_shovel":4,"minecraft:wooden_axe":1,"minecraft:wooden_pickaxe":2},"minecraft:custom":{"minecraft:interact_with_furnace":23,"minecraft:mob_kills":6,"minecraft:interact_with_crafting_table":37,"minecraft:leave_game":1,"minecraft:time_since_death":1084,"minecraft:damage_resisted":30,"minecraft:time_since_rest":1140,"minecraft:sprint_one_cm":37401,"minecraft:damage_taken":9409,"minecraft:walk_one_cm":155159,"minecraft:damage_dealt":3495,"minecraft:fly_one_cm":33663,"minecraft:open_chest":255,"minecraft:crouch_one_cm":64141,"minecraft:play_time":115951,"minecraft:deaths":26,"minecraft:sneak_time":35557,"minecraft:walk_under_water_one_cm":716,"minecraft:jump":364,"minecraft:walk_on_water_one_cm":1087,"minecraft:total_world_time":115951,"minecraft:fall_one_cm":5996},"minecraft:killed":{"minecraft:spider":4,"minecraft:creeper":1}},"DataVersion":3465}