{"stats":{"minecraft:picked_up":{"minecraft:wooden_axe":2,"minecraft:crafting_table":2,"minecraft:clay_ball":128,"minecraft:ladder":2,"minecraft:wooden_pickaxe":5,"minecraft:cooked_rabbit":2,"minecraft:amethyst_block":59,"minecraft:string":4,"minecraft:raw_copper":313,"minecraft:calcite":59,"minecraft:azalea":1,"minecraft:wooden_shovel":5,"minecraft:melon_slice":48,"minecraft:chest":5,"minecraft:birch_sapling":4,"minecraft:raw_copper_block":1,"minecraft:furnace":1,"minecraft:egg":9,"minecraft:raw_iron":60,"minecraft:raw_gold_block":5,"minecraft:oak_fence":6,"minecraft:torch":16,"minecraft:diorite":104,"minecraft:arrow":2,"minecraft:rotten_flesh":2,"minecraft:cooked_cod":3,"minecraft:white_terracotta":31,"minecraft:cod":3,"minecraft:cobblestone":242,"minecraft:birch_log":40,"minecraft:golden_carrot":1,"minecraft:andesite":58,"minecraft:flint":14,"minecraft:oak_log":88,"minecraft:gunpowder":1,"minecraft:dirt":326,"minecraft:bone":2,"minecraft:apple":3,"shy_guy:disturbing_photo":1,"minecraft:gray_terracotta":11,"minecraft:raw_gold":7,"minecraft:rabbit_hide":1,"minecraft:stone_pickaxe":1,"minecraft:oak_fence_gate":2,"minecraft:rabbit":4,"tacz:gun_smith_table":2,"minecraft:oak_planks":56,"minecraft:smooth_basalt":32,"minecraft:pumpkin":6,"minecraft:dripstone_block":8,"minecraft:raw_iron_block":1,"minecraft:gravel":60,"minecraft:spruce_log":16,"minecraft:spider_eye":2,"minecraft:dark_oak_log":3,"minecraft:barrel":2,"minecraft:pumpkin_seeds":1,"minecraft:blue_terracotta":3,"minecraft:stone_axe":2,"tacz:modern_kinetic_gun":1,"minecraft:granite":95,"minecraft:terracotta":18,"minecraft:oak_sapling":5,"minecraft:melon_seeds":1,"minecraft:coal":36},"minecraft:used":{"minecraft:oak_fence":48,"minecraft:writable_book":1,"minecraft:ladder":4,"tacz:gun_smith_table":3,"minecraft:chest":6,"minecraft:white_terracotta":3,"minecraft:wooden_shovel":224,"minecraft:torch":23,"minecraft:dirt":191,"minecraft:granite":41,"minecraft:oak_fence_gate":8,"minecraft:wooden_axe":100,"minecraft:grass_block":1,"minecraft:barrel":7,"minecraft:smooth_basalt":9,"minecraft:furnace":2,"minecraft:egg":11,"minecraft:calcite":9,"minecraft:water_bucket":1,"minecraft:diorite":54,"minecraft:stone_pickaxe":880,"minecraft:oak_planks":94,"minecraft:wooden_pickaxe":106,"minecraft:cauldron":1,"minecraft:crafting_table":3,"minecraft:campfire":1,"minecraft:gray_terracotta":5,"minecraft:melon_slice":34,"minecraft:iron_pickaxe":16,"minecraft:stone_axe":184,"minecraft:cobblestone":6,"minecraft:andesite":13},"minecraft:crafted":{"minecraft:oak_planks":316,"minecraft:raw_iron":9,"minecraft:barrel":6,"minecraft:furnace":1,"minecraft:raw_copper":9,"minecraft:ladder":3,"minecraft:stone_pickaxe":19,"minecraft:chest":1,"minecraft:dark_oak_planks":4,"minecraft:oak_fence":51,"minecraft:oak_slab":12,"minecraft:wooden_shovel":5,"minecraft:cauldron":1,"minecraft:crafting_table":1,"minecraft:spruce_planks":12,"minecraft:wooden_pickaxe":2,"tacz:gun_smith_table":1,"minecraft:copper_ingot":155,"minecraft:birch_planks":20,"minecraft:campfire":1,"minecraft:stone_axe":11,"minecraft:air":0,"minecraft:oak_fence_gate":8,"minecraft:charcoal":3,"minecraft:raw_gold":45,"minecraft:stick":176,"minecraft:iron_ingot":48,"minecraft:iron_pickaxe":3,"minecraft:wooden_axe":5,"minecraft:iron_block":1,"minecraft:torch":20},"minecraft:mined":{"minecraft:dark_oak_log":3,"minecraft:granite":94,"minecraft:ladder":2,"minecraft:budding_amethyst":1,"minecraft:grass_block":212,"tacz:gun_smith_table":2,"minecraft:raw_iron_block":1,"minecraft:furnace":1,"minecraft:raw_gold_block":5,"minecraft:iron_ore":58,"minecraft:barrel":2,"minecraft:andesite":57,"minecraft:pumpkin":6,"minecraft:packed_ice":25,"minecraft:stone":225,"minecraft:podzol":30,"minecraft:gray_terracotta":13,"minecraft:powder_snow":14,"minecraft:clay":29,"minecraft:crafting_table":2,"minecraft:torch":6,"minecraft:calcite":63,"minecraft:melon":9,"minecraft:chest":4,"minecraft:copper_ore":82,"minecraft:cobblestone":6,"minecraft:oak_planks":37,"minecraft:diorite":101,"minecraft:wall_torch":1,"minecraft:amethyst_block":59,"minecraft:birch_sapling":1,"minecraft:white_terracotta":33,"minecraft:blue_terracotta":3,"minecraft:birch_log":37,"minecraft:blue_ice":13,"minecraft:spruce_log":16,"minecraft:coal_ore":32,"minecraft:oak_log":78,"minecraft:dripstone_block":9,"minecraft:dirt":67,"minecraft:gravel":48,"minecraft:smooth_basalt":35,"minecraft:terracotta":18,"minecraft:raw_copper_block":3,"minecraft:gold_ore":9},"minecraft:broken":{"minecraft:wooden_shovel":4,"minecraft:wooden_pickaxe":2,"minecraft:stone_pickaxe":4,"minecraft:wooden_axe":1},"minecraft:custom":{"minecraft:mob_kills":22,"minecraft:interact_with_crafting_table":94,"minecraft:open_barrel":29,"minecraft:interact_with_campfire":5,"minecraft:damage_dealt_resisted":80,"minecraft:leave_game":3,"minecraft:time_since_death":3440,"minecraft:climb_one_cm":16718,"minecraft:damage_resisted":30,"minecraft:sprint_one_cm":108542,"minecraft:walk_one_cm":401588,"minecraft:drop":4,"minecraft:play_time":252517,"minecraft:deaths":36,"minecraft:sneak_time":83862,"minecraft:walk_under_water_one_cm":716,"minecraft:jump":1089,"minecraft:walk_on_water_one_cm":1087,"minecraft:total_world_time":252517,"minecraft:interact_with_furnace":84,"minecraft:time_since_rest":3468,"minecraft:damage_taken":13824,"minecraft:damage_dealt":9695,"minecraft:fly_one_cm":112465,"minecraft:open_chest":733,"minecraft:crouch_one_cm":125736,"minecraft:fall_one_cm":22080},"minecraft:killed":{"minecraft:spider":5,"endofherobrine:rabbit":1,"minecraft:rabbit":1,"minecraft:creeper":1,"minecraft:polar_bear":3,"minecraft:goat":3,"minecraft:zombie":1,"minecraft:stray":3},"minecraft:dropped":{"minecraft:rotten_flesh":2,"shy_guy:disturbing_photo":1,"minecraft:stone_pickaxe":1}},"DataVersion":3465}