{"stats":{"minecraft:picked_up":{"minecraft:wooden_axe":2,"minecraft:music_disc_5":2,"minecraft:crafting_table":2,"minecraft:music_disc_strad":3,"minecraft:chicken":5,"minecraft:ladder":3,"minecraft:clay_ball":148,"minecraft:wooden_pickaxe":5,"minecraft:oak_stairs":3,"minecraft:cooked_rabbit":2,"minecraft:golden_sword":3,"minecraft:amethyst_block":128,"minecraft:string":10,"minecraft:raw_copper":599,"tacz:ammo":300,"minecraft:oak_sign":1,"create:water_wheel":1,"minecraft:deepslate_tiles":61,"minecraft:candle":1,"minecraft:cobbled_deepslate":195,"minecraft:spruce_planks":4,"minecraft:calcite":100,"minecraft:azalea":1,"minecraft:wooden_shovel":5,"minecraft:melon_slice":57,"minecraft:chest":11,"minecraft:birch_sapling":4,"minecraft:furnace":1,"minecraft:raw_copper_block":1,"minecraft:egg":10,"minecraft:golden_helmet":2,"minecraft:raw_iron":128,"minecraft:raw_gold_block":5,"minecraft:oak_fence":9,"minecraft:acacia_log":5,"minecraft:torch":19,"minecraft:note_block":3,"minecraft:diorite":134,"minecraft:green_terracotta":9,"minecraft:arrow":10,"minecraft:rotten_flesh":23,"minecraft:cooked_cod":3,"minecraft:music_disc_ward":1,"minecraft:deepslate_bricks":110,"minecraft:white_terracotta":31,"minecraft:glow_berries":2,"minecraft:cod":3,"minecraft:white_wool":3,"minecraft:cobblestone":331,"minecraft:birch_log":44,"minecraft:leather_chestplate":1,"minecraft:feather":3,"minecraft:golden_carrot":1,"minecraft:andesite":83,"minecraft:flint":14,"minecraft:tuff":74,"minecraft:oak_log":135,"minecraft:gunpowder":11,"minecraft:lapis_lazuli":225,"minecraft:dirt":350,"minecraft:bone":5,"minecraft:apple":3,"shy_guy:disturbing_photo":1,"minecraft:gray_terracotta":11,"minecraft:raw_gold":49,"minecraft:rabbit_hide":1,"minecraft:stone_pickaxe":1,"minecraft:oak_fence_gate":2,"minecraft:rabbit":4,"tacz:gun_smith_table":2,"minecraft:moss_block":124,"minecraft:oak_planks":59,"minecraft:smooth_basalt":61,"minecraft:music_disc_13":1,"minecraft:pumpkin":7,"minecraft:sweet_berries":38,"minecraft:raw_iron_block":2,"minecraft:dripstone_block":90,"minecraft:gravel":60,"minecraft:spruce_log":35,"minecraft:barrel":2,"minecraft:dark_oak_log":34,"minecraft:spider_eye":4,"minecraft:light_gray_terracotta":13,"minecraft:pumpkin_seeds":1,"minecraft:blue_terracotta":3,"tacz:modern_kinetic_gun":2,"minecraft:diamond":18,"minecraft:stone_axe":2,"minecraft:granite":118,"minecraft:rooted_dirt":34,"minecraft:terracotta":18,"minecraft:oak_sapling":5,"minecraft:melon_seeds":1,"minecraft:coal":95},"minecraft:killed":{"doppelgangermod:dp_creeper":2,"minecraft:spider":12,"minecraft:skeleton":10,"endofherobrine:rabbit":1,"minecraft:chicken":4,"the_knocker:knockerstalk":2,"the_knocker:knockerstalklooked":1,"minecraft:rabbit":1,"minecraft:creeper":11,"minecraft:polar_bear":3,"minecraft:goat":3,"minecraft:zombie":18,"minecraft:stray":3},"minecraft:custom":{"minecraft:interact_with_smithing_table":12,"minecraft:mob_kills":75,"minecraft:interact_with_crafting_table":139,"minecraft:open_barrel":102,"minecraft:interact_with_campfire":5,"minecraft:damage_dealt_resisted":106,"minecraft:leave_game":4,"minecraft:time_since_death":14882,"minecraft:damage_resisted":30,"minecraft:climb_one_cm":20949,"minecraft:sprint_one_cm":174903,"minecraft:walk_one_cm":700713,"minecraft:drop":73,"minecraft:play_noteblock":4,"minecraft:play_time":451756,"minecraft:deaths":44,"minecraft:sneak_time":150882,"minecraft:walk_under_water_one_cm":716,"minecraft:jump":1692,"minecraft:walk_on_water_one_cm":1087,"minecraft:total_world_time":451756,"minecraft:interact_with_furnace":135,"minecraft:play_record":9,"minecraft:tune_noteblock":29,"minecraft:sleep_in_bed":3,"minecraft:time_since_rest":14906,"minecraft:damage_taken":17680,"minecraft:damage_dealt":21269,"minecraft:fly_one_cm":184000,"minecraft:open_chest":1356,"minecraft:crouch_one_cm":237073,"minecraft:fall_one_cm":26988},"minecraft:broken":{"minecraft:wooden_shovel":4,"minecraft:wooden_pickaxe":2,"minecraft:stone_pickaxe":6,"minecraft:stone_axe":1,"minecraft:iron_pickaxe":1,"minecraft:wooden_axe":1},"minecraft:crafted":{"minecraft:cobbled_deepslate_slab":6,"minecraft:oak_planks":400,"minecraft:raw_iron":18,"minecraft:barrel":6,"minecraft:jukebox":1,"minecraft:iron_nugget":9,"minecraft:furnace":1,"minecraft:raw_copper":9,"minecraft:ladder":3,"minecraft:stone_pickaxe":22,"minecraft:chest":1,"minecraft:dark_oak_planks":4,"minecraft:oak_fence":51,"minecraft:oak_slab":12,"create:andesite_alloy":2,"minecraft:wooden_shovel":5,"minecraft:cauldron":1,"minecraft:crafting_table":1,"minecraft:spruce_planks":24,"tacz:ammo_box":1,"minecraft:wooden_pickaxe":2,"minecraft:smithing_table":1,"tacz:gun_smith_table":1,"minecraft:copper_ingot":276,"minecraft:birch_planks":20,"minecraft:campfire":1,"minecraft:stone_axe":19,"minecraft:air":0,"minecraft:oak_fence_gate":8,"create:water_wheel":1,"minecraft:diamond_pickaxe":1,"minecraft:charcoal":3,"minecraft:raw_gold":45,"minecraft:stick":244,"minecraft:iron_ingot":130,"minecraft:iron_pickaxe":11,"minecraft:wooden_axe":5,"minecraft:iron_block":1,"minecraft:gold_ingot":71,"minecraft:white_bed":1,"create:shaft":8,"minecraft:note_block":1,"minecraft:torch":24,"minecraft:shears":1},"minecraft:used":{"minecraft:moss_block":7,"minecraft:oak_fence":51,"minecraft:writable_book":1,"minecraft:ladder":5,"minecraft:chest":12,"tacz:gun_smith_table":3,"minecraft:spruce_planks":5,"minecraft:white_terracotta":3,"minecraft:music_disc_5":2,"minecraft:iron_sword":1,"minecraft:wooden_shovel":224,"minecraft:torch":24,"minecraft:dirt":192,"minecraft:spyglass":2,"minecraft:music_disc_13":1,"minecraft:snowball":5,"minecraft:tuff":11,"minecraft:granite":42,"minecraft:oak_fence_gate":8,"minecraft:wooden_axe":100,"minecraft:panda_spawn_egg":1,"minecraft:music_disc_ward":2,"minecraft:grass_block":1,"minecraft:barrel":7,"minecraft:smooth_basalt":18,"minecraft:golden_carrot":3,"minecraft:sweet_berries":30,"minecraft:furnace":2,"minecraft:egg":12,"minecraft:cobbled_deepslate":22,"minecraft:powder_snow_bucket":3,"minecraft:calcite":9,"minecraft:water_bucket":1,"minecraft:diorite":56,"minecraft:stone_pickaxe":1203,"minecraft:oak_planks":104,"minecraft:leather_chestplate":1,"minecraft:wooden_pickaxe":106,"minecraft:cauldron":1,"minecraft:sheep_spawn_egg":1,"minecraft:glow_berries":2,"minecraft:crafting_table":3,"minecraft:white_bed":1,"minecraft:campfire":1,"minecraft:note_block":3,"minecraft:music_disc_strad":4,"minecraft:deepslate_tiles":5,"minecraft:gray_terracotta":5,"minecraft:diamond_pickaxe":1,"minecraft:melon_slice":52,"minecraft:iron_pickaxe":857,"create:water_wheel":2,"minecraft:stone_axe":471,"minecraft:cobbled_deepslate_slab":1,"minecraft:cobblestone":8,"minecraft:smithing_table":1,"minecraft:andesite":13,"minecraft:bucket":2,"minecraft:jukebox":1},"minecraft:dropped":{"minecraft:golden_helmet":1,"minecraft:torch":2,"minecraft:melon_slice":3,"minecraft:cooked_cod":2,"minecraft:iron_pickaxe":1,"minecraft:stone_axe":1,"minecraft:sweet_berries":11,"minecraft:rotten_flesh":29,"shy_guy:disturbing_photo":1,"minecraft:oak_sign":1,"minecraft:deepslate_bricks":22,"minecraft:deepslate_tiles":8,"minecraft:golden_sword":2,"minecraft:stone_pickaxe":2},"minecraft:mined":{"minecraft:deepslate_tiles":50,"minecraft:diamond_ore":6,"minecraft:tuff":67,"minecraft:spruce_planks":5,"minecraft:deepslate_diamond_ore":13,"minecraft:dark_oak_log":34,"minecraft:ladder":2,"minecraft:granite":112,"minecraft:budding_amethyst":26,"minecraft:grass_block":225,"minecraft:deepslate_bricks":99,"minecraft:moss_block":82,"tacz:gun_smith_table":2,"minecraft:rooted_dirt":33,"minecraft:raw_iron_block":2,"minecraft:furnace":1,"minecraft:raw_gold_block":5,"minecraft:iron_ore":77,"minecraft:cobbled_deepslate":15,"minecraft:barrel":2,"minecraft:green_terracotta":6,"minecraft:andesite":82,"minecraft:pumpkin":7,"minecraft:deepslate_lapis_ore":27,"minecraft:deepslate_iron_ore":38,"minecraft:oak_sign":1,"minecraft:oak_stairs":3,"minecraft:packed_ice":33,"minecraft:stone":306,"minecraft:podzol":33,"minecraft:gray_terracotta":13,"minecraft:powder_snow":15,"minecraft:clay":33,"minecraft:oak_fence":2,"minecraft:crafting_table":2,"minecraft:light_gray_terracotta":15,"minecraft:torch":7,"minecraft:note_block":3,"minecraft:calcite":102,"minecraft:melon":11,"minecraft:chest":9,"create:water_wheel":1,"minecraft:lapis_ore":9,"minecraft:copper_ore":99,"endofherobrine:glowing_obsidian":1,"minecraft:cobblestone":7,"minecraft:deepslate_coal_ore":30,"minecraft:deepslate_gold_ore":34,"minecraft:oak_planks":40,"minecraft:diorite":126,"minecraft:wall_torch":1,"minecraft:amethyst_block":127,"minecraft:deepslate_copper_ore":42,"minecraft:birch_sapling":1,"minecraft:white_terracotta":33,"minecraft:blue_terracotta":3,"minecraft:birch_log":41,"minecraft:sweet_berry_bush":5,"minecraft:blue_ice":13,"minecraft:spruce_log":35,"minecraft:oak_log":128,"minecraft:coal_ore":52,"minecraft:gravel":48,"minecraft:dripstone_block":80,"minecraft:dirt":72,"minecraft:smooth_basalt":62,"minecraft:terracotta":18,"minecraft:raw_copper_block":3,"minecraft:gold_ore":17,"minecraft:deepslate":173,"minecraft:suspicious_gravel":1}},"DataVersion":3465}