{"stats":{"minecraft:picked_up":{"minecraft:wooden_axe":2,"minecraft:birch_log":30,"minecraft:crafting_table":1,"minecraft:golden_carrot":1,"minecraft:clay_ball":108,"minecraft:andesite":15,"minecraft:wooden_pickaxe":5,"minecraft:flint":14,"minecraft:oak_log":65,"minecraft:amethyst_block":4,"minecraft:string":4,"minecraft:dirt":187,"minecraft:raw_copper":113,"minecraft:apple":3,"minecraft:oak_fence_gate":2,"minecraft:calcite":4,"minecraft:wooden_shovel":5,"minecraft:melon_slice":43,"minecraft:chest":1,"minecraft:birch_sapling":1,"minecraft:oak_planks":8,"minecraft:egg":8,"minecraft:raw_iron":8,"minecraft:smooth_basalt":1,"minecraft:pumpkin":4,"minecraft:oak_fence":6,"minecraft:torch":10,"minecraft:gravel":56,"minecraft:diorite":6,"minecraft:spider_eye":1,"minecraft:granite":5,"minecraft:coal":13,"minecraft:cobblestone":96},"minecraft:used":{"minecraft:oak_fence":48,"minecraft:water_bucket":1,"minecraft:stone_pickaxe":66,"minecraft:oak_planks":20,"minecraft:chest":1,"minecraft:wooden_pickaxe":106,"minecraft:wooden_shovel":224,"minecraft:torch":11,"minecraft:dirt":167,"minecraft:crafting_table":2,"minecraft:oak_fence_gate":8,"minecraft:wooden_axe":100,"minecraft:grass_block":1,"minecraft:stone_axe":13,"minecraft:furnace":1},"minecraft:crafted":{"minecraft:oak_planks":204,"minecraft:wooden_shovel":5,"minecraft:crafting_table":1,"minecraft:wooden_pickaxe":2,"minecraft:furnace":1,"minecraft:copper_ingot":43,"minecraft:stone_axe":1,"minecraft:air":0,"minecraft:oak_fence_gate":8,"minecraft:stick":112,"minecraft:iron_ingot":2,"minecraft:stone_pickaxe":4,"minecraft:wooden_axe":5,"minecraft:torch":8,"minecraft:oak_fence":51},"minecraft:mined":{"minecraft:podzol":30,"minecraft:clay":24,"minecraft:crafting_table":1,"minecraft:torch":5,"minecraft:granite":5,"minecraft:calcite":4,"minecraft:grass_block":122,"minecraft:melon":8,"minecraft:copper_ore":23,"minecraft:oak_planks":7,"minecraft:diorite":5,"minecraft:wall_torch":1,"minecraft:amethyst_block":4,"minecraft:birch_sapling":1,"minecraft:birch_log":27,"minecraft:iron_ore":6,"minecraft:andesite":15,"minecraft:pumpkin":4,"minecraft:oak_log":55,"minecraft:coal_ore":10,"minecraft:gravel":44,"minecraft:dirt":27,"minecraft:smooth_basalt":1,"minecraft:stone":83},"minecraft:broken":{"minecraft:wooden_shovel":4,"minecraft:wooden_axe":1,"minecraft:wooden_pickaxe":2},"minecraft:custom":{"minecraft:interact_with_furnace":13,"minecraft:mob_kills":5,"minecraft:interact_with_crafting_table":34,"minecraft:leave_game":1,"minecraft:time_since_death":9229,"minecraft:damage_resisted":30,"minecraft:time_since_rest":9256,"minecraft:sprint_one_cm":19962,"minecraft:damage_taken":8429,"minecraft:walk_one_cm":106432,"minecraft:damage_dealt":2935,"minecraft:fly_one_cm":18880,"minecraft:open_chest":176,"minecraft:crouch_one_cm":52313,"minecraft:play_time":91951,"minecraft:deaths":23,"minecraft:sneak_time":30045,"minecraft:walk_under_water_one_cm":716,"minecraft:jump":197,"minecraft:walk_on_water_one_cm":1087,"minecraft:total_world_time":91951,"minecraft:fall_one_cm":3291},"minecraft:killed":{"minecraft:spider":4}},"DataVersion":3465}