{"stats":{"minecraft:custom":{"minecraft:interact_with_smithing_table":7,"minecraft:mob_kills":42,"minecraft:interact_with_crafting_table":114,"minecraft:open_barrel":61,"minecraft:interact_with_campfire":5,"minecraft:damage_dealt_resisted":80,"minecraft:leave_game":3,"minecraft:time_since_death":4386,"minecraft:climb_one_cm":20703,"minecraft:damage_resisted":30,"minecraft:sprint_one_cm":130067,"minecraft:walk_one_cm":512458,"minecraft:drop":27,"minecraft:play_time":329751,"minecraft:deaths":38,"minecraft:sneak_time":111537,"minecraft:walk_under_water_one_cm":716,"minecraft:jump":1329,"minecraft:walk_on_water_one_cm":1087,"minecraft:total_world_time":329751,"minecraft:interact_with_furnace":120,"minecraft:sleep_in_bed":1,"minecraft:time_since_rest":4417,"minecraft:damage_taken":14912,"minecraft:damage_dealt":16494,"minecraft:fly_one_cm":139722,"minecraft:open_chest":1028,"minecraft:crouch_one_cm":162890,"minecraft:fall_one_cm":26007},"minecraft:crafted":{"minecraft:oak_planks":332,"minecraft:raw_iron":18,"minecraft:barrel":6,"minecraft:furnace":1,"minecraft:raw_copper":9,"minecraft:ladder":3,"minecraft:stone_pickaxe":20,"minecraft:chest":1,"minecraft:dark_oak_planks":4,"minecraft:oak_fence":51,"minecraft:oak_slab":12,"minecraft:wooden_shovel":5,"minecraft:cauldron":1,"minecraft:crafting_table":1,"minecraft:spruce_planks":12,"tacz:ammo_box":1,"minecraft:wooden_pickaxe":2,"minecraft:smithing_table":1,"tacz:gun_smith_table":1,"minecraft:copper_ingot":212,"minecraft:birch_planks":20,"minecraft:campfire":1,"minecraft:stone_axe":13,"minecraft:air":0,"minecraft:oak_fence_gate":8,"minecraft:charcoal":3,"minecraft:raw_gold":45,"minecraft:stick":188,"minecraft:iron_ingot":102,"minecraft:iron_pickaxe":5,"minecraft:wooden_axe":5,"minecraft:iron_block":1,"minecraft:gold_ingot":71,"minecraft:white_bed":1,"minecraft:torch":24,"minecraft:shears":1},"minecraft:picked_up":{"minecraft:wooden_axe":2,"minecraft:crafting_table":2,"minecraft:ladder":2,"minecraft:clay_ball":140,"minecraft:wooden_pickaxe":5,"minecraft:cooked_rabbit":2,"minecraft:amethyst_block":92,"minecraft:string":4,"minecraft:raw_copper":403,"tacz:ammo":180,"minecraft:oak_sign":1,"minecraft:deepslate_tiles":13,"minecraft:cobbled_deepslate":111,"minecraft:calcite":75,"minecraft:azalea":1,"minecraft:wooden_shovel":5,"minecraft:melon_slice":48,"minecraft:chest":10,"minecraft:birch_sapling":4,"minecraft:egg":9,"minecraft:raw_copper_block":1,"minecraft:furnace":1,"minecraft:raw_iron":89,"minecraft:raw_gold_block":5,"minecraft:oak_fence":7,"minecraft:torch":17,"minecraft:diorite":108,"minecraft:arrow":7,"minecraft:rotten_flesh":8,"minecraft:cooked_cod":3,"minecraft:deepslate_bricks":27,"minecraft:white_terracotta":31,"minecraft:cod":3,"minecraft:white_wool":3,"minecraft:cobblestone":271,"minecraft:birch_log":41,"minecraft:golden_carrot":1,"minecraft:andesite":67,"minecraft:flint":14,"minecraft:tuff":41,"minecraft:oak_log":110,"minecraft:gunpowder":7,"minecraft:lapis_lazuli":102,"minecraft:dirt":332,"minecraft:bone":2,"minecraft:apple":3,"shy_guy:disturbing_photo":1,"minecraft:gray_terracotta":11,"minecraft:raw_gold":28,"minecraft:rabbit_hide":1,"minecraft:stone_pickaxe":1,"minecraft:oak_fence_gate":2,"minecraft:rabbit":4,"tacz:gun_smith_table":2,"minecraft:oak_planks":56,"minecraft:smooth_basalt":49,"minecraft:pumpkin":7,"minecraft:sweet_berries":26,"minecraft:raw_iron_block":2,"minecraft:dripstone_block":8,"minecraft:gravel":60,"minecraft:spruce_log":30,"minecraft:barrel":2,"minecraft:dark_oak_log":27,"minecraft:spider_eye":2,"minecraft:pumpkin_seeds":1,"minecraft:blue_terracotta":3,"minecraft:diamond":3,"tacz:modern_kinetic_gun":1,"minecraft:stone_axe":2,"minecraft:granite":102,"minecraft:terracotta":18,"minecraft:oak_sapling":5,"minecraft:melon_seeds":1,"minecraft:coal":59},"minecraft:used":{"minecraft:oak_fence":49,"minecraft:writable_book":1,"minecraft:ladder":5,"tacz:gun_smith_table":3,"minecraft:chest":11,"minecraft:white_terracotta":3,"minecraft:wooden_shovel":224,"minecraft:torch":24,"minecraft:dirt":191,"minecraft:spyglass":2,"minecraft:tuff":7,"minecraft:granite":41,"minecraft:oak_fence_gate":8,"minecraft:wooden_axe":100,"minecraft:grass_block":1,"minecraft:panda_spawn_egg":1,"minecraft:barrel":7,"minecraft:smooth_basalt":18,"minecraft:golden_carrot":1,"minecraft:sweet_berries":17,"minecraft:furnace":2,"minecraft:egg":11,"minecraft:cobbled_deepslate":9,"minecraft:powder_snow_bucket":1,"minecraft:calcite":9,"minecraft:water_bucket":1,"minecraft:diorite":55,"minecraft:stone_pickaxe":1133,"minecraft:oak_planks":94,"minecraft:wooden_pickaxe":106,"minecraft:sheep_spawn_egg":1,"minecraft:cauldron":1,"minecraft:crafting_table":3,"minecraft:white_bed":1,"minecraft:campfire":1,"minecraft:gray_terracotta":5,"minecraft:melon_slice":47,"minecraft:iron_pickaxe":234,"minecraft:stone_axe":345,"minecraft:cobblestone":6,"minecraft:smithing_table":1,"minecraft:bucket":1,"minecraft:andesite":13},"minecraft:mined":{"minecraft:deepslate_tiles":17,"minecraft:diamond_ore":3,"minecraft:tuff":41,"minecraft:dark_oak_log":27,"minecraft:ladder":2,"minecraft:granite":101,"minecraft:budding_amethyst":21,"minecraft:grass_block":216,"minecraft:deepslate_bricks":27,"tacz:gun_smith_table":2,"minecraft:raw_iron_block":2,"minecraft:furnace":1,"minecraft:raw_gold_block":5,"minecraft:cobbled_deepslate":7,"minecraft:iron_ore":60,"minecraft:barrel":2,"minecraft:andesite":66,"minecraft:pumpkin":7,"minecraft:deepslate_lapis_ore":15,"minecraft:oak_sign":1,"minecraft:deepslate_iron_ore":32,"minecraft:packed_ice":29,"minecraft:stone":254,"minecraft:podzol":31,"minecraft:gray_terracotta":13,"minecraft:oak_fence":1,"minecraft:powder_snow":15,"minecraft:clay":32,"minecraft:crafting_table":2,"minecraft:torch":7,"minecraft:calcite":79,"minecraft:melon":9,"minecraft:chest":9,"minecraft:copper_ore":84,"minecraft:cobblestone":6,"minecraft:deepslate_coal_ore":20,"minecraft:deepslate_gold_ore":20,"minecraft:oak_planks":37,"minecraft:diorite":105,"minecraft:wall_torch":1,"minecraft:amethyst_block":95,"minecraft:deepslate_copper_ore":25,"minecraft:birch_sapling":1,"minecraft:white_terracotta":33,"minecraft:blue_terracotta":3,"minecraft:birch_log":38,"minecraft:sweet_berry_bush":4,"minecraft:blue_ice":13,"minecraft:spruce_log":31,"minecraft:oak_log":103,"minecraft:coal_ore":35,"minecraft:gravel":48,"minecraft:dripstone_block":9,"minecraft:dirt":68,"minecraft:smooth_basalt":52,"minecraft:terracotta":18,"minecraft:raw_copper_block":3,"minecraft:gold_ore":10,"minecraft:deepslate":104,"minecraft:suspicious_gravel":1},"minecraft:dropped":{"minecraft:iron_pickaxe":1,"minecraft:sweet_berries":11,"minecraft:rotten_flesh":12,"shy_guy:disturbing_photo":1,"minecraft:oak_sign":1,"minecraft:stone_pickaxe":1},"minecraft:killed":{"doppelgangermod:dp_creeper":2,"minecraft:spider":5,"minecraft:skeleton":3,"endofherobrine:rabbit":1,"the_knocker:knockerstalk":2,"minecraft:rabbit":1,"minecraft:creeper":8,"minecraft:polar_bear":3,"minecraft:goat":3,"minecraft:zombie":7,"minecraft:stray":3},"minecraft:broken":{"minecraft:wooden_shovel":4,"minecraft:wooden_pickaxe":2,"minecraft:stone_pickaxe":6,"minecraft:stone_axe":1,"minecraft:wooden_axe":1}},"DataVersion":3465}