{"stats":{"minecraft:used":{"minecraft:wooden_axe":6,"minecraft:birch_planks":28,"minecraft:stone_pickaxe":1,"minecraft:chest":5,"minecraft:wooden_shovel":2,"minecraft:torch":1,"minecraft:dirt":31,"minecraft:crafting_table":1,"minecraft:granite":8,"minecraft:calcite":8},"minecraft:dropped":{"minecraft:dirt":6},"minecraft:custom":{"minecraft:sprint_one_cm":753,"minecraft:damage_taken":3338,"minecraft:walk_one_cm":89461,"minecraft:mob_kills":1,"minecraft:drop":6,"minecraft:damage_dealt":86,"minecraft:interact_with_crafting_table":7,"minecraft:fly_one_cm":15301,"minecraft:open_chest":84,"minecraft:crouch_one_cm":17831,"minecraft:play_time":40817,"minecraft:deaths":9,"minecraft:sneak_time":5993,"minecraft:walk_under_water_one_cm":3837,"minecraft:jump":32,"minecraft:time_since_death":7371,"minecraft:walk_on_water_one_cm":1200,"minecraft:total_world_time":40817,"minecraft:fall_one_cm":476,"minecraft:time_since_rest":7412},"minecraft:picked_up":{"minecraft:wooden_axe":4,"minecraft:birch_log":16,"minecraft:stick":8,"minecraft:raw_iron":4,"minecraft:clay_ball":120,"minecraft:pumpkin":5,"minecraft:andesite":3,"minecraft:leather":3,"minecraft:torch":1,"minecraft:wooden_pickaxe":1,"minecraft:gravel":4,"minecraft:flint":3,"minecraft:oak_log":39,"minecraft:gunpowder":1,"minecraft:carrot":1,"minecraft:dirt":94,"minecraft:raw_copper":34,"minecraft:pumpkin_seeds":1,"minecraft:wheat_seeds":6,"minecraft:bucket":1,"minecraft:granite":1,"minecraft:stone_pickaxe":1,"minecraft:calcite":7,"minecraft:azalea":1,"minecraft:wooden_shovel":11,"minecraft:oak_sapling":2,"minecraft:melon_slice":66,"minecraft:melon_seeds":1,"minecraft:chest":1,"minecraft:birch_sapling":1,"minecraft:oak_planks":56,"minecraft:coal":8,"minecraft:egg":3},"minecraft:killed":{"minecraft:zombie":1},"minecraft:crafted":{"minecraft:oak_planks":56,"minecraft:crafting_table":1,"minecraft:stick":24,"minecraft:wooden_axe":2,"minecraft:chest":4,"minecraft:birch_planks":64},"minecraft:mined":{"minecraft:podzol":2,"minecraft:birch_planks":4,"minecraft:birch_log":1,"minecraft:clay":1,"minecraft:torch":1,"minecraft:granite":1,"minecraft:grass_block":4,"minecraft:oak_log":2,"minecraft:melon":1}},"DataVersion":3465}