{"stats":{"minecraft:picked_up":{"minecraft:wooden_axe":2,"minecraft:music_disc_5":1,"minecraft:crafting_table":2,"minecraft:music_disc_strad":3,"minecraft:ladder":3,"minecraft:clay_ball":148,"minecraft:wooden_pickaxe":5,"minecraft:oak_stairs":3,"minecraft:cooked_rabbit":2,"minecraft:amethyst_block":111,"minecraft:string":4,"minecraft:raw_copper":441,"tacz:ammo":180,"minecraft:oak_sign":1,"minecraft:deepslate_tiles":57,"minecraft:cobbled_deepslate":167,"minecraft:spruce_planks":4,"minecraft:calcite":81,"minecraft:azalea":1,"minecraft:wooden_shovel":5,"minecraft:melon_slice":53,"minecraft:chest":10,"minecraft:birch_sapling":4,"minecraft:furnace":1,"minecraft:raw_copper_block":1,"minecraft:egg":9,"minecraft:golden_helmet":2,"minecraft:raw_iron":96,"minecraft:raw_gold_block":5,"minecraft:oak_fence":7,"minecraft:torch":18,"minecraft:note_block":3,"minecraft:diorite":114,"minecraft:arrow":9,"minecraft:rotten_flesh":15,"minecraft:cooked_cod":3,"minecraft:music_disc_ward":1,"minecraft:deepslate_bricks":103,"minecraft:white_terracotta":31,"minecraft:cod":3,"minecraft:white_wool":3,"minecraft:cobblestone":297,"minecraft:birch_log":43,"minecraft:golden_carrot":1,"minecraft:andesite":68,"minecraft:flint":14,"minecraft:tuff":46,"minecraft:oak_log":125,"minecraft:gunpowder":11,"minecraft:lapis_lazuli":134,"minecraft:dirt":341,"minecraft:bone":4,"minecraft:apple":3,"shy_guy:disturbing_photo":1,"minecraft:gray_terracotta":11,"minecraft:raw_gold":31,"minecraft:rabbit_hide":1,"minecraft:stone_pickaxe":1,"minecraft:oak_fence_gate":2,"minecraft:rabbit":4,"tacz:gun_smith_table":2,"minecraft:oak_planks":59,"minecraft:smooth_basalt":55,"minecraft:pumpkin":7,"minecraft:sweet_berries":26,"minecraft:raw_iron_block":2,"minecraft:dripstone_block":8,"minecraft:gravel":60,"minecraft:spruce_log":34,"minecraft:barrel":2,"minecraft:dark_oak_log":34,"minecraft:spider_eye":2,"minecraft:pumpkin_seeds":1,"minecraft:blue_terracotta":3,"tacz:modern_kinetic_gun":1,"minecraft:diamond":11,"minecraft:stone_axe":2,"minecraft:granite":105,"minecraft:terracotta":18,"minecraft:oak_sapling":5,"minecraft:melon_seeds":1,"minecraft:coal":60},"minecraft:killed":{"doppelgangermod:dp_creeper":2,"minecraft:spider":5,"minecraft:skeleton":5,"endofherobrine:rabbit":1,"the_knocker:knockerstalk":2,"minecraft:rabbit":1,"minecraft:creeper":11,"minecraft:polar_bear":3,"minecraft:goat":3,"minecraft:zombie":13,"minecraft:stray":3},"minecraft:custom":{"minecraft:interact_with_smithing_table":9,"minecraft:mob_kills":53,"minecraft:interact_with_crafting_table":128,"minecraft:open_barrel":63,"minecraft:interact_with_campfire":5,"minecraft:damage_dealt_resisted":106,"minecraft:leave_game":4,"minecraft:time_since_death":14966,"minecraft:damage_resisted":30,"minecraft:climb_one_cm":20949,"minecraft:sprint_one_cm":148109,"minecraft:walk_one_cm":569214,"minecraft:drop":59,"minecraft:play_noteblock":4,"minecraft:play_time":379756,"minecraft:deaths":41,"minecraft:sneak_time":124740,"minecraft:walk_under_water_one_cm":716,"minecraft:jump":1466,"minecraft:walk_on_water_one_cm":1087,"minecraft:total_world_time":379756,"minecraft:interact_with_furnace":121,"minecraft:play_record":5,"minecraft:tune_noteblock":29,"minecraft:sleep_in_bed":3,"minecraft:time_since_rest":14992,"minecraft:damage_taken":15973,"minecraft:damage_dealt":18660,"minecraft:fly_one_cm":159306,"minecraft:open_chest":1144,"minecraft:crouch_one_cm":182815,"minecraft:fall_one_cm":26216},"minecraft:broken":{"minecraft:wooden_shovel":4,"minecraft:wooden_pickaxe":2,"minecraft:stone_pickaxe":6,"minecraft:stone_axe":1,"minecraft:wooden_axe":1},"minecraft:crafted":{"minecraft:cobbled_deepslate_slab":6,"minecraft:oak_planks":388,"minecraft:raw_iron":18,"minecraft:barrel":6,"minecraft:jukebox":1,"minecraft:furnace":1,"minecraft:raw_copper":9,"minecraft:ladder":3,"minecraft:stone_pickaxe":21,"minecraft:chest":1,"minecraft:dark_oak_planks":4,"minecraft:oak_fence":51,"minecraft:oak_slab":12,"minecraft:wooden_shovel":5,"minecraft:cauldron":1,"minecraft:crafting_table":1,"minecraft:spruce_planks":24,"tacz:ammo_box":1,"minecraft:wooden_pickaxe":2,"minecraft:smithing_table":1,"tacz:gun_smith_table":1,"minecraft:copper_ingot":212,"minecraft:birch_planks":20,"minecraft:campfire":1,"minecraft:stone_axe":17,"minecraft:air":0,"minecraft:oak_fence_gate":8,"minecraft:diamond_pickaxe":1,"minecraft:charcoal":3,"minecraft:raw_gold":45,"minecraft:stick":244,"minecraft:iron_ingot":102,"minecraft:iron_pickaxe":8,"minecraft:wooden_axe":5,"minecraft:iron_block":1,"minecraft:gold_ingot":71,"minecraft:white_bed":1,"minecraft:note_block":1,"minecraft:torch":24,"minecraft:shears":1},"minecraft:used":{"minecraft:oak_fence":49,"minecraft:writable_book":1,"minecraft:ladder":5,"minecraft:chest":11,"tacz:gun_smith_table":3,"minecraft:spruce_planks":5,"minecraft:white_terracotta":3,"minecraft:music_disc_5":1,"minecraft:wooden_shovel":224,"minecraft:torch":24,"minecraft:dirt":191,"minecraft:spyglass":2,"minecraft:tuff":7,"minecraft:granite":42,"minecraft:oak_fence_gate":8,"minecraft:wooden_axe":100,"minecraft:panda_spawn_egg":1,"minecraft:music_disc_ward":1,"minecraft:grass_block":1,"minecraft:barrel":7,"minecraft:smooth_basalt":18,"minecraft:golden_carrot":1,"minecraft:sweet_berries":17,"minecraft:furnace":2,"minecraft:egg":11,"minecraft:cobbled_deepslate":22,"minecraft:powder_snow_bucket":1,"minecraft:calcite":9,"minecraft:water_bucket":1,"minecraft:diorite":55,"minecraft:stone_pickaxe":1133,"minecraft:oak_planks":104,"minecraft:wooden_pickaxe":106,"minecraft:cauldron":1,"minecraft:sheep_spawn_egg":1,"minecraft:crafting_table":3,"minecraft:white_bed":1,"minecraft:campfire":1,"minecraft:note_block":3,"minecraft:music_disc_strad":3,"minecraft:deepslate_tiles":5,"minecraft:gray_terracotta":5,"minecraft:diamond_pickaxe":1,"minecraft:melon_slice":47,"minecraft:iron_pickaxe":503,"minecraft:stone_axe":416,"minecraft:cobbled_deepslate_slab":1,"minecraft:cobblestone":8,"minecraft:smithing_table":1,"minecraft:andesite":13,"minecraft:bucket":1,"minecraft:jukebox":1},"minecraft:dropped":{"minecraft:golden_helmet":1,"minecraft:torch":2,"minecraft:melon_slice":3,"minecraft:iron_pickaxe":1,"minecraft:stone_axe":1,"minecraft:sweet_berries":11,"minecraft:rotten_flesh":19,"shy_guy:disturbing_photo":1,"minecraft:oak_sign":1,"minecraft:deepslate_bricks":22,"minecraft:deepslate_tiles":8,"minecraft:stone_pickaxe":2},"minecraft:mined":{"minecraft:deepslate_tiles":50,"minecraft:diamond_ore":3,"minecraft:tuff":46,"minecraft:spruce_planks":5,"minecraft:deepslate_diamond_ore":8,"minecraft:dark_oak_log":34,"minecraft:ladder":2,"minecraft:granite":103,"minecraft:budding_amethyst":25,"minecraft:grass_block":219,"minecraft:deepslate_bricks":90,"tacz:gun_smith_table":2,"minecraft:raw_iron_block":2,"minecraft:furnace":1,"minecraft:raw_gold_block":5,"minecraft:iron_ore":61,"minecraft:cobbled_deepslate":15,"minecraft:barrel":2,"minecraft:andesite":67,"minecraft:pumpkin":7,"minecraft:deepslate_lapis_ore":19,"minecraft:deepslate_iron_ore":33,"minecraft:oak_sign":1,"minecraft:oak_stairs":3,"minecraft:packed_ice":32,"minecraft:stone":279,"minecraft:podzol":33,"minecraft:gray_terracotta":13,"minecraft:powder_snow":15,"minecraft:clay":33,"minecraft:oak_fence":1,"minecraft:crafting_table":2,"minecraft:torch":7,"minecraft:note_block":3,"minecraft:calcite":85,"minecraft:melon":10,"minecraft:chest":9,"minecraft:lapis_ore":1,"minecraft:copper_ore":86,"endofherobrine:glowing_obsidian":1,"minecraft:cobblestone":7,"minecraft:deepslate_coal_ore":20,"minecraft:deepslate_gold_ore":23,"minecraft:oak_planks":40,"minecraft:diorite":111,"minecraft:wall_torch":1,"minecraft:amethyst_block":111,"minecraft:deepslate_copper_ore":34,"minecraft:birch_sapling":1,"minecraft:white_terracotta":33,"minecraft:blue_terracotta":3,"minecraft:birch_log":40,"minecraft:sweet_berry_bush":4,"minecraft:blue_ice":13,"minecraft:spruce_log":34,"minecraft:oak_log":116,"minecraft:coal_ore":36,"minecraft:gravel":48,"minecraft:dripstone_block":9,"minecraft:dirt":72,"minecraft:smooth_basalt":56,"minecraft:terracotta":18,"minecraft:raw_copper_block":3,"minecraft:gold_ore":10,"minecraft:deepslate":150,"minecraft:suspicious_gravel":1}},"DataVersion":3465}