{"stats":{"minecraft:picked_up":{"minecraft:wooden_axe":2,"minecraft:birch_log":39,"minecraft:crafting_table":2,"minecraft:golden_carrot":1,"minecraft:ladder":2,"minecraft:clay_ball":124,"minecraft:andesite":28,"minecraft:wooden_pickaxe":5,"minecraft:flint":14,"minecraft:oak_log":80,"minecraft:gunpowder":1,"minecraft:amethyst_block":25,"minecraft:dirt":248,"minecraft:string":4,"minecraft:raw_copper":194,"minecraft:apple":3,"minecraft:gray_terracotta":1,"minecraft:raw_gold":4,"minecraft:rabbit_hide":1,"minecraft:oak_fence_gate":2,"minecraft:stone_pickaxe":1,"minecraft:calcite":19,"minecraft:azalea":1,"minecraft:wooden_shovel":5,"minecraft:rabbit":4,"tacz:gun_smith_table":2,"minecraft:melon_slice":47,"minecraft:chest":5,"minecraft:birch_sapling":4,"minecraft:oak_planks":56,"minecraft:egg":9,"minecraft:furnace":1,"minecraft:raw_iron":32,"minecraft:smooth_basalt":9,"minecraft:pumpkin":6,"minecraft:oak_fence":6,"minecraft:torch":15,"minecraft:gravel":60,"minecraft:diorite":58,"minecraft:barrel":2,"minecraft:spider_eye":2,"minecraft:pumpkin_seeds":1,"minecraft:rotten_flesh":2,"minecraft:stone_axe":1,"minecraft:granite":43,"minecraft:oak_sapling":5,"minecraft:melon_seeds":1,"minecraft:coal":30,"minecraft:cobblestone":150},"minecraft:used":{"minecraft:oak_fence":48,"minecraft:water_bucket":1,"minecraft:writable_book":1,"minecraft:diorite":49,"minecraft:stone_pickaxe":338,"minecraft:oak_planks":94,"minecraft:ladder":4,"tacz:gun_smith_table":3,"minecraft:chest":6,"minecraft:wooden_pickaxe":106,"minecraft:wooden_shovel":224,"minecraft:torch":22,"minecraft:dirt":191,"minecraft:crafting_table":3,"minecraft:granite":29,"minecraft:oak_fence_gate":8,"minecraft:wooden_axe":100,"minecraft:melon_slice":3,"minecraft:grass_block":1,"minecraft:iron_pickaxe":5,"minecraft:barrel":5,"minecraft:stone_axe":99,"minecraft:furnace":2,"minecraft:andesite":13,"minecraft:egg":11,"minecraft:calcite":7},"minecraft:crafted":{"minecraft:oak_slab":12,"minecraft:oak_planks":300,"minecraft:wooden_shovel":5,"minecraft:barrel":4,"minecraft:crafting_table":1,"minecraft:wooden_pickaxe":2,"minecraft:furnace":1,"tacz:gun_smith_table":1,"minecraft:copper_ingot":99,"minecraft:stone_axe":7,"minecraft:air":0,"minecraft:oak_fence_gate":8,"minecraft:ladder":3,"minecraft:stick":152,"minecraft:iron_ingot":16,"minecraft:iron_pickaxe":1,"minecraft:stone_pickaxe":12,"minecraft:wooden_axe":5,"minecraft:iron_block":1,"minecraft:chest":1,"minecraft:torch":20,"minecraft:oak_fence":51},"minecraft:mined":{"minecraft:podzol":30,"minecraft:gray_terracotta":1,"minecraft:powder_snow":1,"minecraft:clay":28,"minecraft:crafting_table":2,"minecraft:torch":6,"minecraft:ladder":2,"minecraft:granite":44,"minecraft:grass_block":136,"minecraft:calcite":22,"minecraft:melon":9,"minecraft:chest":4,"minecraft:copper_ore":47,"minecraft:oak_planks":37,"tacz:gun_smith_table":2,"minecraft:diorite":53,"minecraft:wall_torch":1,"minecraft:amethyst_block":25,"minecraft:birch_sapling":1,"minecraft:furnace":1,"minecraft:birch_log":36,"minecraft:iron_ore":30,"minecraft:barrel":2,"minecraft:andesite":27,"minecraft:pumpkin":6,"minecraft:oak_log":70,"minecraft:coal_ore":26,"minecraft:gravel":48,"minecraft:dirt":66,"minecraft:smooth_basalt":9,"minecraft:stone":137,"minecraft:gold_ore":4},"minecraft:broken":{"minecraft:wooden_shovel":4,"minecraft:wooden_axe":1,"minecraft:wooden_pickaxe":2,"minecraft:stone_pickaxe":1},"minecraft:custom":{"minecraft:interact_with_furnace":61,"minecraft:mob_kills":10,"minecraft:open_barrel":3,"minecraft:interact_with_crafting_table":68,"minecraft:leave_game":2,"minecraft:time_since_death":2370,"minecraft:damage_resisted":30,"minecraft:climb_one_cm":5014,"minecraft:time_since_rest":2424,"minecraft:sprint_one_cm":71124,"minecraft:damage_taken":11494,"minecraft:walk_one_cm":260150,"minecraft:drop":3,"minecraft:damage_dealt":5024,"minecraft:fly_one_cm":73238,"minecraft:open_chest":450,"minecraft:crouch_one_cm":91316,"minecraft:play_time":171686,"minecraft:deaths":31,"minecraft:sneak_time":52243,"minecraft:walk_under_water_one_cm":716,"minecraft:jump":668,"minecraft:walk_on_water_one_cm":1087,"minecraft:total_world_time":171686,"minecraft:fall_one_cm":10274},"minecraft:killed":{"minecraft:spider":5,"minecraft:rabbit":1,"minecraft:creeper":1,"endofherobrine:rabbit":1,"minecraft:zombie":1},"minecraft:dropped":{"minecraft:rotten_flesh":2,"minecraft:stone_pickaxe":1}},"DataVersion":3465}