{"stats":{"minecraft:picked_up":{"minecraft:birch_log":22,"minecraft:crafting_table":1,"minecraft:clay_ball":100,"minecraft:pumpkin":4,"minecraft:gravel":21,"minecraft:flint":5,"minecraft:oak_log":55,"minecraft:dirt":158,"minecraft:melon_slice":43,"minecraft:birch_sapling":1,"minecraft:coal":2,"minecraft:cobblestone":13,"minecraft:egg":3},"minecraft:used":{"minecraft:wooden_axe":74,"minecraft:water_bucket":1,"minecraft:grass_block":1,"minecraft:wooden_pickaxe":15,"minecraft:wooden_shovel":180,"minecraft:torch":1,"minecraft:dirt":133,"minecraft:crafting_table":2},"minecraft:crafted":{"minecraft:oak_fence_gate":2,"minecraft:oak_planks":80,"minecraft:wooden_shovel":4,"minecraft:crafting_table":1,"minecraft:stick":40,"minecraft:wooden_pickaxe":1,"minecraft:wooden_axe":4,"minecraft:torch":8,"minecraft:oak_fence":12},"minecraft:mined":{"minecraft:birch_sapling":1,"minecraft:podzol":30,"minecraft:birch_log":23,"minecraft:pumpkin":4,"minecraft:crafting_table":1,"minecraft:clay":22,"minecraft:coal_ore":2,"minecraft:oak_log":51,"minecraft:grass_block":118,"minecraft:melon":8,"minecraft:gravel":26,"minecraft:dirt":12,"minecraft:stone":13},"minecraft:broken":{"minecraft:wooden_axe":1,"minecraft:wooden_shovel":3},"minecraft:custom":{"minecraft:sprint_one_cm":6435,"minecraft:damage_taken":6359,"minecraft:walk_one_cm":46188,"minecraft:mob_kills":1,"minecraft:damage_dealt":532,"minecraft:interact_with_crafting_table":18,"minecraft:fly_one_cm":7975,"minecraft:open_chest":81,"minecraft:crouch_one_cm":36677,"minecraft:play_time":55951,"minecraft:deaths":17,"minecraft:sneak_time":19316,"minecraft:walk_under_water_one_cm":716,"minecraft:jump":79,"minecraft:leave_game":1,"minecraft:walk_on_water_one_cm":1087,"minecraft:time_since_death":37253,"minecraft:total_world_time":55951,"minecraft:damage_resisted":30,"minecraft:fall_one_cm":211,"minecraft:time_since_rest":37317}},"DataVersion":3465}