{"stats":{"minecraft:used":{"minecraft:water_bucket":1,"minecraft:diorite":2,"minecraft:amethyst_block":5,"minecraft:stone_pickaxe":89,"minecraft:oak_planks":4,"minecraft:chest":1,"minecraft:wooden_shovel":18,"minecraft:torch":1,"minecraft:dirt":77,"minecraft:granite":1,"minecraft:wooden_axe":23,"minecraft:melon_slice":7,"minecraft:cobblestone":12,"minecraft:andesite":3,"minecraft:egg":3,"minecraft:calcite":1},"minecraft:dropped":{"minecraft:gravel":1,"minecraft:oak_log":2,"minecraft:clay_ball":8,"minecraft:stick":2,"minecraft:dirt":13,"minecraft:wooden_axe":1,"minecraft:melon_slice":4,"minecraft:wooden_shovel":2,"minecraft:pumpkin":1,"minecraft:stone_pickaxe":2,"minecraft:birch_log":2},"minecraft:custom":{"minecraft:interact_with_crafting_table":7,"minecraft:time_since_death":1359,"minecraft:damage_resisted":15,"minecraft:time_since_rest":1401,"minecraft:sprint_one_cm":382,"minecraft:damage_taken":3013,"minecraft:walk_one_cm":56790,"minecraft:drop":14,"minecraft:damage_dealt":352,"minecraft:fly_one_cm":2948,"minecraft:open_chest":30,"minecraft:crouch_one_cm":16501,"minecraft:play_time":35405,"minecraft:deaths":7,"minecraft:sneak_time":6684,"minecraft:walk_under_water_one_cm":1312,"minecraft:jump":13,"minecraft:walk_on_water_one_cm":494,"minecraft:total_world_time":35405,"minecraft:fall_one_cm":211},"minecraft:picked_up":{"minecraft:wooden_axe":2,"minecraft:birch_log":17,"minecraft:clay_ball":28,"minecraft:andesite":5,"minecraft:leather":3,"minecraft:flint":6,"minecraft:oak_log":62,"minecraft:amethyst_block":8,"minecraft:dirt":96,"minecraft:raw_copper":47,"minecraft:apple":1,"minecraft:wheat_seeds":8,"minecraft:bucket":1,"minecraft:stone_pickaxe":1,"minecraft:calcite":1,"minecraft:wooden_shovel":4,"minecraft:melon_slice":58,"minecraft:chest":3,"minecraft:birch_sapling":1,"minecraft:oak_planks":53,"minecraft:stick":24,"minecraft:raw_iron":2,"minecraft:pumpkin":6,"minecraft:torch":1,"minecraft:gravel":18,"minecraft:diorite":4,"minecraft:carrot":1,"minecraft:rotten_flesh":2,"minecraft:granite":4,"minecraft:oak_sapling":4,"minecraft:melon_seeds":2,"minecraft:coal":2,"minecraft:cobblestone":51},"minecraft:crafted":{"minecraft:oak_planks":40,"minecraft:wooden_pickaxe":1,"minecraft:stick":4,"minecraft:stone_pickaxe":2,"minecraft:wooden_axe":1,"minecraft:stone_sword":1},"minecraft:mined":{"minecraft:podzol":4,"minecraft:clay":2,"minecraft:granite":5,"minecraft:grass_block":21,"minecraft:melon":1,"minecraft:chest":1,"minecraft:copper_ore":14,"minecraft:diorite":6,"minecraft:amethyst_block":4,"minecraft:birch_log":6,"minecraft:iron_ore":2,"minecraft:andesite":4,"minecraft:oak_log":15,"minecraft:coal_ore":2,"minecraft:dirt_path":1,"minecraft:gravel":5,"minecraft:dirt":10,"minecraft:stone":27}},"DataVersion":3465}