{"stats":{"minecraft:used":{"minecraft:wooden_axe":23,"minecraft:water_bucket":1,"minecraft:oak_planks":4,"minecraft:chest":1,"minecraft:wooden_shovel":7,"minecraft:torch":1,"minecraft:dirt":60},"minecraft:picked_up":{"minecraft:birch_log":12,"minecraft:stick":6,"minecraft:clay_ball":20,"minecraft:pumpkin":5,"minecraft:leather":3,"minecraft:torch":1,"minecraft:gravel":6,"minecraft:flint":5,"minecraft:oak_log":57,"minecraft:carrot":1,"minecraft:dirt":71,"minecraft:apple":1,"minecraft:wheat_seeds":8,"minecraft:bucket":1,"minecraft:wooden_shovel":3,"minecraft:oak_sapling":4,"minecraft:melon_slice":54,"minecraft:melon_seeds":2,"minecraft:chest":3,"minecraft:birch_sapling":1,"minecraft:oak_planks":53,"minecraft:wooden_axe":1},"minecraft:custom":{"minecraft:time_since_rest":664,"minecraft:sprint_one_cm":296,"minecraft:damage_taken":1774,"minecraft:walk_one_cm":23111,"minecraft:damage_dealt":80,"minecraft:interact_with_crafting_table":3,"minecraft:fly_one_cm":1672,"minecraft:open_chest":14,"minecraft:crouch_one_cm":9835,"minecraft:play_time":17405,"minecraft:deaths":4,"minecraft:sneak_time":4539,"minecraft:walk_under_water_one_cm":1166,"minecraft:jump":5,"minecraft:time_since_death":615,"minecraft:walk_on_water_one_cm":207,"minecraft:total_world_time":17405,"minecraft:damage_resisted":15},"minecraft:crafted":{"minecraft:oak_planks":40,"minecraft:stick":4,"minecraft:wooden_pickaxe":1,"minecraft:wooden_axe":1},"minecraft:mined":{"minecraft:podzol":1,"minecraft:birch_log":3,"minecraft:clay":1,"minecraft:grass_block":14,"minecraft:oak_log":10,"minecraft:melon":1,"minecraft:chest":1,"minecraft:gravel":2,"minecraft:dirt":5}},"DataVersion":3465}