{"stats":{"minecraft:used":{"minecraft:dirt":12,"minecraft:oak_planks":4,"minecraft:wooden_shovel":5},"minecraft:picked_up":{"minecraft:wheat_seeds":2,"minecraft:oak_log":13,"minecraft:oak_sapling":1,"minecraft:chest":1,"minecraft:dirt":29},"minecraft:custom":{"minecraft:open_chest":4,"minecraft:time_since_rest":3225,"minecraft:crouch_one_cm":3852,"minecraft:walk_one_cm":1761,"minecraft:play_time":5405,"minecraft:damage_taken":1096,"minecraft:deaths":3,"minecraft:sneak_time":2141,"minecraft:jump":2,"minecraft:damage_dealt":10,"minecraft:time_since_death":3157,"minecraft:total_world_time":5405,"minecraft:damage_resisted":15,"minecraft:interact_with_crafting_table":3,"minecraft:fly_one_cm":466},"minecraft:crafted":{"minecraft:oak_planks":32,"minecraft:stick":4},"minecraft:mined":{"minecraft:grass_block":6,"minecraft:oak_log":3,"minecraft:chest":1,"minecraft:dirt":2}},"DataVersion":3465}