{"stats":{"minecraft:used":{"minecraft:wooden_axe":23,"minecraft:water_bucket":1,"minecraft:stone_pickaxe":60,"minecraft:oak_planks":4,"minecraft:chest":1,"minecraft:wooden_shovel":18,"minecraft:torch":1,"minecraft:dirt":71,"minecraft:egg":3},"minecraft:dropped":{"minecraft:gravel":1,"minecraft:dirt":13,"minecraft:oak_log":2,"minecraft:wooden_axe":1,"minecraft:melon_slice":4,"minecraft:wooden_shovel":2,"minecraft:clay_ball":8,"minecraft:pumpkin":1,"minecraft:birch_log":2,"minecraft:stick":2},"minecraft:picked_up":{"minecraft:birch_log":16,"minecraft:stick":24,"minecraft:clay_ball":28,"minecraft:pumpkin":6,"minecraft:andesite":3,"minecraft:leather":3,"minecraft:torch":1,"minecraft:gravel":18,"minecraft:flint":6,"minecraft:oak_log":61,"minecraft:diorite":2,"minecraft:carrot":1,"minecraft:amethyst_block":4,"minecraft:dirt":92,"minecraft:raw_copper":35,"minecraft:rotten_flesh":2,"minecraft:apple":1,"minecraft:wheat_seeds":8,"minecraft:bucket":1,"minecraft:granite":1,"minecraft:wooden_shovel":4,"minecraft:oak_sapling":4,"minecraft:melon_slice":58,"minecraft:melon_seeds":2,"minecraft:chest":3,"minecraft:birch_sapling":1,"minecraft:oak_planks":53,"minecraft:cobblestone":22,"minecraft:wooden_axe":2},"minecraft:custom":{"minecraft:time_since_rest":6499,"minecraft:sprint_one_cm":382,"minecraft:damage_taken":2762,"minecraft:walk_one_cm":49047,"minecraft:drop":12,"minecraft:damage_dealt":272,"minecraft:interact_with_crafting_table":5,"minecraft:fly_one_cm":2365,"minecraft:open_chest":22,"minecraft:crouch_one_cm":12297,"minecraft:play_time":29405,"minecraft:deaths":6,"minecraft:sneak_time":5280,"minecraft:walk_under_water_one_cm":1312,"minecraft:jump":12,"minecraft:time_since_death":6477,"minecraft:walk_on_water_one_cm":494,"minecraft:total_world_time":29405,"minecraft:damage_resisted":15,"minecraft:fall_one_cm":211},"minecraft:crafted":{"minecraft:oak_planks":40,"minecraft:stick":4,"minecraft:wooden_pickaxe":1,"minecraft:stone_pickaxe":1,"minecraft:wooden_axe":1},"minecraft:mined":{"minecraft:podzol":4,"minecraft:iron_ore":2,"minecraft:birch_log":5,"minecraft:andesite":3,"minecraft:clay":2,"minecraft:granite":3,"minecraft:coal_ore":1,"minecraft:grass_block":21,"minecraft:oak_log":14,"minecraft:melon":1,"minecraft:chest":1,"minecraft:gravel":5,"minecraft:dirt":7,"minecraft:copper_ore":12,"minecraft:stone":16,"minecraft:diorite":4,"minecraft:amethyst_block":2}},"DataVersion":3465}