{"stats":{"minecraft:picked_up":{"minecraft:golden_helmet":1,"minecraft:stone_axe":1,"minecraft:deepslate_tiles":4,"minecraft:torch":2,"minecraft:deepslate_bricks":13,"minecraft:stone_pickaxe":1,"minecraft:melon_slice":3,"minecraft:egg":1},"minecraft:custom":{"minecraft:time_since_rest":14025,"minecraft:open_chest":13,"minecraft:crouch_one_cm":8529,"minecraft:play_time":14025,"minecraft:walk_one_cm":30849,"minecraft:sneak_time":2180,"minecraft:jump":76,"minecraft:damage_dealt":30,"minecraft:time_since_death":14025,"minecraft:total_world_time":14025,"minecraft:fall_one_cm":1788,"minecraft:fly_one_cm":80},"minecraft:used":{"minecraft:deepslate_tiles":4,"minecraft:golden_helmet":1,"minecraft:torch":2,"minecraft:stone_pickaxe":11,"minecraft:cobbled_deepslate":44,"minecraft:deepslate_bricks":13},"minecraft:mined":{"minecraft:deepslate_tiles":3,"minecraft:deepslate_bricks":5,"minecraft:smooth_basalt":1,"minecraft:clay":1,"minecraft:torch":1}},"DataVersion":3465}