{"stats":{"minecraft:custom":{"minecraft:interact_with_smithing_table":2,"minecraft:interact_with_furnace":3,"minecraft:mob_kills":4,"minecraft:play_record":1,"minecraft:interact_with_crafting_table":5,"minecraft:open_barrel":23,"minecraft:damage_dealt_resisted":90,"minecraft:leave_game":1,"minecraft:time_since_death":381,"minecraft:sleep_in_bed":2,"minecraft:time_since_rest":408,"minecraft:sprint_one_cm":19668,"minecraft:damage_taken":5265,"minecraft:walk_one_cm":384477,"minecraft:drop":5,"minecraft:damage_dealt":1022,"minecraft:fly_one_cm":20223,"minecraft:open_chest":128,"minecraft:crouch_one_cm":35525,"minecraft:play_time":116002,"minecraft:deaths":14,"minecraft:sneak_time":17750,"minecraft:jump":837,"minecraft:total_world_time":116002,"minecraft:fall_one_cm":18239},"minecraft:crafted":{"minecraft:oak_planks":8,"minecraft:stick":4,"minecraft:stone_pickaxe":1},"minecraft:picked_up":{"minecraft:music_disc_strad":1,"minecraft:andesite":3,"minecraft:tuff":1,"minecraft:prismarine_bricks":6,"minecraft:golden_sword":1,"minecraft:lapis_lazuli":56,"minecraft:raw_copper":16,"minecraft:string":1,"minecraft:bone":3,"minecraft:deepslate_tiles":4,"minecraft:candle":4,"minecraft:cobbled_deepslate":25,"minecraft:stone_pickaxe":1,"minecraft:calcite":2,"minecraft:azalea":1,"minecraft:chest":1,"minecraft:moss_block":7,"minecraft:melon_slice":4,"minecraft:prismarine":15,"minecraft:flowering_azalea":1,"minecraft:egg":16,"minecraft:golden_helmet":1,"minecraft:sweet_berries":14,"minecraft:big_dripleaf":7,"minecraft:torch":4,"minecraft:dripstone_block":7,"minecraft:green_terracotta":4,"minecraft:dark_prismarine":1,"minecraft:light_gray_terracotta":8,"minecraft:arrow":2,"minecraft:rotten_flesh":1,"minecraft:cooked_cod":2,"minecraft:diamond":1,"minecraft:stone_axe":1,"minecraft:music_disc_ward":1,"minecraft:deepslate_bricks":13,"minecraft:rooted_dirt":4,"minecraft:glow_berries":1,"minecraft:coal":2},"minecraft:killed_by":{"theboogeyman:boogeyman":1},"minecraft:broken":{"minecraft:stone_pickaxe":1},"minecraft:killed":{"minecraft:spider":1,"minecraft:skeleton":1,"minecraft:zombie":1,"minecraft:chicken":1},"minecraft:used":{"minecraft:stone_sword":11,"minecraft:stone_pickaxe":168,"minecraft:prismarine":10,"minecraft:deepslate_bricks":13,"minecraft:torch":5,"minecraft:light_gray_terracotta":8,"minecraft:music_disc_strad":1,"minecraft:big_dripleaf":3,"minecraft:oak_log":4,"minecraft:deepslate_tiles":4,"minecraft:golden_helmet":1,"minecraft:stone_axe":2,"minecraft:golden_sword":5,"minecraft:sweet_berries":13,"minecraft:cooked_cod":2,"minecraft:egg":16,"minecraft:cobbled_deepslate":46,"minecraft:candle":6},"minecraft:dropped":{"minecraft:glow_berries":3,"minecraft:big_dripleaf":1,"minecraft:melon_slice":1},"minecraft:mined":{"minecraft:deepslate_tiles":3,"minecraft:tuff":10,"minecraft:candle":4,"minecraft:oak_fence":1,"minecraft:clay":1,"minecraft:torch":3,"minecraft:light_gray_terracotta":6,"minecraft:granite":4,"minecraft:acacia_log":5,"minecraft:grass_block":1,"minecraft:calcite":4,"minecraft:chest":2,"minecraft:deepslate_bricks":5,"minecraft:copper_ore":15,"minecraft:deepslate_coal_ore":7,"minecraft:moss_block":49,"minecraft:diorite":5,"minecraft:rooted_dirt":5,"minecraft:amethyst_block":1,"minecraft:big_dripleaf":3,"minecraft:deepslate_copper_ore":5,"minecraft:iron_ore":1,"minecraft:sweet_berry_bush":1,"minecraft:green_terracotta":7,"minecraft:andesite":3,"minecraft:deepslate_lapis_ore":5,"minecraft:oak_log":1,"minecraft:coal_ore":2,"minecraft:deepslate_iron_ore":10,"minecraft:dripstone_block":18,"minecraft:dirt":2,"minecraft:smooth_basalt":1,"minecraft:stone":7,"minecraft:deepslate":5,"minecraft:suspicious_gravel":3}},"DataVersion":3465}