{"stats":{"minecraft:custom":{"minecraft:interact_with_smithing_table":5,"minecraft:interact_with_furnace":7,"minecraft:mob_kills":6,"minecraft:play_record":4,"minecraft:interact_with_crafting_table":13,"minecraft:open_barrel":39,"minecraft:damage_dealt_resisted":90,"minecraft:leave_game":2,"minecraft:time_since_death":883,"minecraft:sleep_in_bed":3,"minecraft:time_since_rest":906,"minecraft:sprint_one_cm":69929,"minecraft:damage_taken":10351,"minecraft:walk_one_cm":716592,"minecraft:drop":9,"minecraft:damage_dealt":2214,"minecraft:talked_to_villager":97,"minecraft:fly_one_cm":70966,"minecraft:open_chest":343,"minecraft:crouch_one_cm":60740,"minecraft:play_time":192011,"minecraft:deaths":28,"minecraft:sneak_time":25645,"minecraft:walk_under_water_one_cm":953,"minecraft:jump":1632,"minecraft:walk_on_water_one_cm":7857,"minecraft:total_world_time":192011,"minecraft:fall_one_cm":22322,"minecraft:horse_one_cm":3811},"minecraft:crafted":{"minecraft:oak_planks":8,"minecraft:golden_chestplate":1,"minecraft:stick":4,"minecraft:stone_pickaxe":1,"minecraft:golden_sword":2},"minecraft:picked_up":{"minecraft:music_disc_5":1,"minecraft:music_disc_strad":4,"minecraft:chicken":1,"minecraft:salmon":4,"minecraft:andesite":3,"minecraft:tuff":1,"minecraft:prismarine_bricks":6,"minecraft:golden_sword":1,"minecraft:lapis_lazuli":56,"minecraft:raw_copper":16,"minecraft:string":1,"minecraft:bone":3,"minecraft:deepslate_tiles":4,"minecraft:candle":4,"minecraft:cobbled_deepslate":26,"minecraft:stone_pickaxe":1,"minecraft:calcite":2,"minecraft:azalea":1,"minecraft:chest":1,"minecraft:moss_block":8,"minecraft:melon_slice":4,"minecraft:prismarine":15,"minecraft:flowering_azalea":1,"minecraft:egg":29,"minecraft:golden_helmet":1,"minecraft:raw_iron":3,"minecraft:sweet_berries":21,"minecraft:big_dripleaf":7,"minecraft:torch":5,"minecraft:dripstone_block":7,"minecraft:diorite":1,"minecraft:green_terracotta":4,"minecraft:dark_prismarine":1,"minecraft:light_gray_terracotta":8,"minecraft:arrow":2,"minecraft:rotten_flesh":1,"minecraft:cooked_cod":2,"minecraft:diamond":1,"minecraft:stone_axe":1,"minecraft:music_disc_ward":1,"minecraft:deepslate_bricks":13,"minecraft:terracotta":3,"minecraft:rooted_dirt":4,"minecraft:glow_berries":1,"minecraft:coal":2},"minecraft:killed_by":{"theboogeyman:boogeyman":1},"minecraft:broken":{"minecraft:stone_pickaxe":1},"minecraft:killed":{"minecraft:husk":1,"minecraft:spider":1,"minecraft:skeleton":1,"minecraft:zombie":1,"minecraft:chicken":1,"doppelgangermod:dpwandering":1},"minecraft:used":{"minecraft:stone_sword":11,"minecraft:stone_pickaxe":168,"minecraft:prismarine":10,"minecraft:music_disc_5":1,"minecraft:deepslate_bricks":13,"minecraft:torch":5,"minecraft:light_gray_terracotta":8,"minecraft:crossbow":10,"minecraft:golden_chestplate":1,"minecraft:music_disc_strad":3,"minecraft:big_dripleaf":3,"minecraft:oak_log":4,"minecraft:deepslate_tiles":4,"minecraft:golden_helmet":1,"minecraft:stone_axe":2,"minecraft:golden_sword":21,"minecraft:cobblestone":2,"minecraft:sweet_berries":23,"minecraft:chainmail_boots":1,"minecraft:cooked_cod":2,"minecraft:egg":29,"minecraft:cobbled_deepslate":47,"minecraft:candle":6},"minecraft:dropped":{"minecraft:crossbow":1,"minecraft:glow_berries":3,"minecraft:salmon":3,"minecraft:big_dripleaf":1,"minecraft:melon_slice":1},"minecraft:mined":{"minecraft:deepslate_tiles":3,"minecraft:tuff":10,"minecraft:candle":4,"minecraft:oak_fence":1,"minecraft:clay":1,"minecraft:torch":3,"minecraft:light_gray_terracotta":6,"minecraft:granite":4,"minecraft:red_sand":1,"minecraft:acacia_log":5,"minecraft:grass_block":1,"minecraft:calcite":4,"minecraft:chest":2,"minecraft:deepslate_bricks":5,"minecraft:copper_ore":15,"minecraft:deepslate_coal_ore":7,"minecraft:moss_block":50,"minecraft:diorite":5,"minecraft:rooted_dirt":5,"minecraft:amethyst_block":1,"minecraft:big_dripleaf":3,"minecraft:deepslate_copper_ore":5,"minecraft:iron_ore":1,"minecraft:sweet_berry_bush":1,"minecraft:suspicious_sand":3,"minecraft:green_terracotta":7,"minecraft:andesite":3,"minecraft:deepslate_lapis_ore":5,"minecraft:oak_log":1,"minecraft:coal_ore":2,"minecraft:deepslate_iron_ore":10,"minecraft:dripstone_block":18,"minecraft:dirt":6,"minecraft:smooth_basalt":1,"minecraft:stone":7,"minecraft:deepslate":5,"minecraft:suspicious_gravel":3}},"DataVersion":3465}