{"stats":{"minecraft:picked_up":{"minecraft:golden_helmet":1,"minecraft:torch":2,"minecraft:rotten_flesh":1,"minecraft:stone_axe":1,"minecraft:deepslate_tiles":4,"minecraft:candle":4,"minecraft:deepslate_bricks":13,"minecraft:stone_pickaxe":1,"minecraft:melon_slice":4,"minecraft:egg":3},"minecraft:killed":{"minecraft:zombie":1},"minecraft:custom":{"minecraft:interact_with_smithing_table":1,"minecraft:time_since_rest":6281,"minecraft:sprint_one_cm":527,"minecraft:damage_taken":720,"minecraft:walk_one_cm":95066,"minecraft:mob_kills":1,"minecraft:drop":1,"minecraft:damage_dealt":156,"minecraft:fly_one_cm":1361,"minecraft:open_chest":13,"minecraft:crouch_one_cm":11835,"minecraft:play_time":26025,"minecraft:deaths":2,"minecraft:sneak_time":4204,"minecraft:jump":237,"minecraft:time_since_death":6254,"minecraft:sleep_in_bed":2,"minecraft:total_world_time":26025,"minecraft:fall_one_cm":6409},"minecraft:used":{"minecraft:deepslate_tiles":4,"minecraft:stone_pickaxe":30,"minecraft:deepslate_bricks":13,"minecraft:golden_helmet":1,"minecraft:stone_axe":2,"minecraft:torch":2,"minecraft:egg":3,"minecraft:cobbled_deepslate":44,"minecraft:candle":5},"minecraft:dropped":{"minecraft:melon_slice":1},"minecraft:mined":{"minecraft:deepslate_tiles":3,"minecraft:tuff":4,"minecraft:candle":4,"minecraft:deepslate_lapis_ore":1,"minecraft:clay":1,"minecraft:torch":1,"minecraft:light_gray_terracotta":1,"minecraft:coal_ore":1,"minecraft:deepslate_iron_ore":5,"minecraft:deepslate_bricks":5,"minecraft:copper_ore":3,"minecraft:smooth_basalt":1,"minecraft:stone":1,"minecraft:moss_block":9,"minecraft:diorite":1,"minecraft:deepslate_copper_ore":1}},"DataVersion":3465}