{"stats":{"minecraft:picked_up":{"minecraft:music_disc_strad":1,"minecraft:andesite":3,"minecraft:tuff":1,"minecraft:golden_sword":1,"minecraft:lapis_lazuli":49,"minecraft:string":1,"minecraft:raw_copper":6,"minecraft:bone":3,"minecraft:deepslate_tiles":4,"minecraft:candle":4,"minecraft:stone_pickaxe":1,"minecraft:calcite":2,"minecraft:azalea":1,"minecraft:melon_slice":4,"minecraft:moss_block":7,"minecraft:chest":1,"minecraft:flowering_azalea":1,"minecraft:egg":14,"minecraft:golden_helmet":1,"minecraft:sweet_berries":14,"minecraft:big_dripleaf":7,"minecraft:torch":4,"minecraft:dripstone_block":7,"minecraft:green_terracotta":4,"minecraft:light_gray_terracotta":8,"minecraft:arrow":2,"minecraft:rotten_flesh":1,"minecraft:cooked_cod":2,"minecraft:diamond":1,"minecraft:stone_axe":1,"minecraft:music_disc_ward":1,"minecraft:deepslate_bricks":13,"minecraft:rooted_dirt":4,"minecraft:glow_berries":1,"minecraft:coal":2},"minecraft:killed":{"minecraft:spider":1,"minecraft:skeleton":1,"minecraft:zombie":1,"minecraft:chicken":1},"minecraft:custom":{"minecraft:interact_with_smithing_table":2,"minecraft:interact_with_furnace":1,"minecraft:mob_kills":4,"minecraft:play_record":1,"minecraft:interact_with_crafting_table":5,"minecraft:open_barrel":18,"minecraft:time_since_death":0,"minecraft:sleep_in_bed":2,"minecraft:time_since_rest":1,"minecraft:sprint_one_cm":10496,"minecraft:damage_taken":2045,"minecraft:walk_one_cm":292208,"minecraft:drop":5,"minecraft:damage_dealt":997,"minecraft:fly_one_cm":8135,"minecraft:open_chest":120,"minecraft:crouch_one_cm":31843,"minecraft:play_time":86025,"minecraft:deaths":5,"minecraft:sneak_time":15991,"minecraft:jump":610,"minecraft:total_world_time":86025,"minecraft:fall_one_cm":13340},"minecraft:broken":{"minecraft:stone_pickaxe":1},"minecraft:used":{"minecraft:stone_sword":8,"minecraft:stone_pickaxe":168,"minecraft:deepslate_bricks":13,"minecraft:torch":5,"minecraft:light_gray_terracotta":8,"minecraft:music_disc_strad":1,"minecraft:big_dripleaf":3,"minecraft:oak_log":2,"minecraft:deepslate_tiles":4,"minecraft:golden_helmet":1,"minecraft:stone_axe":2,"minecraft:golden_sword":1,"minecraft:sweet_berries":13,"minecraft:cooked_cod":2,"minecraft:egg":14,"minecraft:cobbled_deepslate":44,"minecraft:candle":6},"minecraft:crafted":{"minecraft:oak_planks":8,"minecraft:stick":4,"minecraft:stone_pickaxe":1},"minecraft:dropped":{"minecraft:glow_berries":3,"minecraft:big_dripleaf":1,"minecraft:melon_slice":1},"minecraft:mined":{"minecraft:deepslate_tiles":3,"minecraft:tuff":10,"minecraft:candle":4,"minecraft:oak_fence":1,"minecraft:clay":1,"minecraft:torch":3,"minecraft:light_gray_terracotta":6,"minecraft:granite":4,"minecraft:acacia_log":5,"minecraft:grass_block":1,"minecraft:calcite":4,"minecraft:chest":2,"minecraft:deepslate_bricks":5,"minecraft:copper_ore":15,"minecraft:deepslate_coal_ore":7,"minecraft:moss_block":49,"minecraft:diorite":5,"minecraft:rooted_dirt":5,"minecraft:big_dripleaf":3,"minecraft:amethyst_block":1,"minecraft:deepslate_copper_ore":5,"minecraft:iron_ore":1,"minecraft:sweet_berry_bush":1,"minecraft:green_terracotta":7,"minecraft:andesite":3,"minecraft:deepslate_lapis_ore":5,"minecraft:coal_ore":2,"minecraft:deepslate_iron_ore":10,"minecraft:dripstone_block":18,"minecraft:dirt":2,"minecraft:smooth_basalt":1,"minecraft:stone":7,"minecraft:deepslate":5}},"DataVersion":3465}