{"stats":{"minecraft:picked_up":{"minecraft:music_disc_strad":1,"minecraft:andesite":3,"minecraft:tuff":1,"minecraft:lapis_lazuli":47,"minecraft:string":1,"minecraft:raw_copper":6,"minecraft:bone":1,"minecraft:deepslate_tiles":4,"minecraft:candle":4,"minecraft:stone_pickaxe":1,"minecraft:calcite":2,"minecraft:melon_slice":4,"minecraft:moss_block":7,"minecraft:flowering_azalea":1,"minecraft:egg":6,"minecraft:golden_helmet":1,"minecraft:big_dripleaf":5,"minecraft:torch":4,"minecraft:dripstone_block":7,"minecraft:green_terracotta":4,"minecraft:light_gray_terracotta":8,"minecraft:arrow":2,"minecraft:rotten_flesh":1,"minecraft:cooked_cod":2,"minecraft:diamond":1,"minecraft:stone_axe":1,"minecraft:music_disc_ward":1,"minecraft:deepslate_bricks":13,"minecraft:rooted_dirt":4,"minecraft:coal":2},"minecraft:killed":{"minecraft:skeleton":1,"minecraft:zombie":1,"minecraft:chicken":1},"minecraft:custom":{"minecraft:interact_with_smithing_table":1,"minecraft:mob_kills":3,"minecraft:play_record":1,"minecraft:open_barrel":10,"minecraft:time_since_death":42254,"minecraft:sleep_in_bed":2,"minecraft:time_since_rest":42281,"minecraft:sprint_one_cm":3703,"minecraft:damage_taken":815,"minecraft:walk_one_cm":194418,"minecraft:drop":2,"minecraft:damage_dealt":648,"minecraft:fly_one_cm":2376,"minecraft:open_chest":65,"minecraft:crouch_one_cm":26793,"minecraft:play_time":62025,"minecraft:deaths":2,"minecraft:sneak_time":12101,"minecraft:jump":458,"minecraft:total_world_time":62025,"minecraft:fall_one_cm":11074},"minecraft:broken":{"minecraft:stone_pickaxe":1},"minecraft:used":{"minecraft:stone_pickaxe":132,"minecraft:deepslate_bricks":13,"minecraft:torch":5,"minecraft:light_gray_terracotta":8,"minecraft:music_disc_strad":1,"minecraft:big_dripleaf":3,"minecraft:oak_log":1,"minecraft:deepslate_tiles":4,"minecraft:golden_helmet":1,"minecraft:stone_axe":2,"minecraft:cooked_cod":2,"minecraft:egg":6,"minecraft:cobbled_deepslate":44,"minecraft:candle":6},"minecraft:dropped":{"minecraft:big_dripleaf":1,"minecraft:melon_slice":1},"minecraft:mined":{"minecraft:deepslate_tiles":3,"minecraft:tuff":6,"minecraft:candle":4,"minecraft:oak_fence":1,"minecraft:clay":1,"minecraft:torch":3,"minecraft:light_gray_terracotta":6,"minecraft:granite":1,"minecraft:acacia_log":5,"minecraft:grass_block":1,"minecraft:calcite":4,"minecraft:chest":1,"minecraft:deepslate_bricks":5,"minecraft:copper_ore":13,"minecraft:deepslate_coal_ore":7,"minecraft:moss_block":39,"minecraft:diorite":4,"minecraft:rooted_dirt":2,"minecraft:big_dripleaf":3,"minecraft:amethyst_block":1,"minecraft:deepslate_copper_ore":5,"minecraft:iron_ore":1,"minecraft:green_terracotta":7,"minecraft:andesite":3,"minecraft:deepslate_lapis_ore":5,"minecraft:coal_ore":2,"minecraft:deepslate_iron_ore":7,"minecraft:dripstone_block":8,"minecraft:dirt":1,"minecraft:smooth_basalt":1,"minecraft:stone":4,"minecraft:deepslate":5}},"DataVersion":3465}