{"stats":{"minecraft:picked_up":{"minecraft:golden_helmet":1,"minecraft:big_dripleaf":5,"minecraft:torch":4,"minecraft:rotten_flesh":1,"minecraft:stone_axe":1,"minecraft:deepslate_tiles":4,"minecraft:candle":4,"minecraft:deepslate_bricks":13,"minecraft:stone_pickaxe":1,"minecraft:moss_block":4,"minecraft:melon_slice":4,"minecraft:flowering_azalea":1,"minecraft:coal":2,"minecraft:egg":6},"minecraft:killed":{"minecraft:zombie":1},"minecraft:custom":{"minecraft:interact_with_smithing_table":1,"minecraft:time_since_rest":30281,"minecraft:sprint_one_cm":3685,"minecraft:damage_taken":795,"minecraft:walk_one_cm":158452,"minecraft:mob_kills":1,"minecraft:drop":2,"minecraft:damage_dealt":352,"minecraft:fly_one_cm":2243,"minecraft:open_barrel":4,"minecraft:open_chest":34,"minecraft:crouch_one_cm":23959,"minecraft:play_time":50025,"minecraft:deaths":2,"minecraft:sneak_time":9631,"minecraft:jump":379,"minecraft:time_since_death":30254,"minecraft:sleep_in_bed":2,"minecraft:total_world_time":50025,"minecraft:fall_one_cm":9091},"minecraft:used":{"minecraft:deepslate_tiles":4,"minecraft:stone_pickaxe":86,"minecraft:deepslate_bricks":13,"minecraft:golden_helmet":1,"minecraft:stone_axe":2,"minecraft:torch":5,"minecraft:egg":6,"minecraft:oak_log":1,"minecraft:cobbled_deepslate":44,"minecraft:candle":6,"minecraft:big_dripleaf":3},"minecraft:dropped":{"minecraft:big_dripleaf":1,"minecraft:melon_slice":1},"minecraft:mined":{"minecraft:deepslate_tiles":3,"minecraft:tuff":6,"minecraft:candle":4,"minecraft:iron_ore":1,"minecraft:green_terracotta":5,"minecraft:deepslate_lapis_ore":2,"minecraft:oak_fence":1,"minecraft:clay":1,"minecraft:granite":1,"minecraft:torch":3,"minecraft:light_gray_terracotta":1,"minecraft:acacia_log":5,"minecraft:calcite":3,"minecraft:coal_ore":1,"minecraft:deepslate_iron_ore":7,"minecraft:chest":1,"minecraft:dripstone_block":2,"minecraft:dirt":1,"minecraft:deepslate_bricks":5,"minecraft:copper_ore":13,"minecraft:smooth_basalt":1,"minecraft:deepslate_coal_ore":4,"minecraft:stone":1,"minecraft:amethyst_block":1,"minecraft:moss_block":32,"minecraft:diorite":1,"minecraft:deepslate":4,"minecraft:big_dripleaf":3,"minecraft:deepslate_copper_ore":2}},"DataVersion":3465}