{"stats":{"minecraft:used":{"minecraft:wooden_axe":4,"minecraft:birch_sapling":1,"minecraft:porkchop":1},"minecraft:dropped":{"minecraft:wooden_axe":2,"minecraft:birch_sapling":1,"minecraft:wooden_shovel":2,"minecraft:clay_ball":28,"minecraft:oak_planks":1,"minecraft:pumpkin":3,"minecraft:apple":1,"minecraft:stick":10},"minecraft:custom":{"minecraft:time_since_rest":2341,"minecraft:sprint_one_cm":180,"minecraft:damage_taken":870,"minecraft:walk_one_cm":31381,"minecraft:drop":48,"minecraft:damage_dealt":43,"minecraft:interact_with_crafting_table":10,"minecraft:fly_one_cm":1563,"minecraft:open_chest":6,"minecraft:crouch_one_cm":1676,"minecraft:play_time":9520,"minecraft:deaths":2,"minecraft:sneak_time":576,"minecraft:walk_under_water_one_cm":7995,"minecraft:jump":123,"minecraft:walk_on_water_one_cm":837,"minecraft:time_since_death":2306,"minecraft:total_world_time":9520,"minecraft:fall_one_cm":2357},"minecraft:picked_up":{"minecraft:birch_log":3,"minecraft:stick":4,"minecraft:clay_ball":28,"minecraft:pumpkin":3,"minecraft:porkchop":1,"minecraft:dirt":37,"minecraft:wheat_seeds":3,"minecraft:azalea":1,"minecraft:wooden_shovel":1,"minecraft:birch_sapling":2,"minecraft:wooden_axe":1},"minecraft:crafted":{"minecraft:oak_planks":32,"minecraft:stick":20,"minecraft:wooden_axe":1,"minecraft:birch_planks":4},"minecraft:mined":{"minecraft:podzol":1,"minecraft:birch_log":1,"minecraft:clay":1,"minecraft:oak_log":2,"minecraft:grass_block":3,"minecraft:chest":1,"minecraft:dirt":2}},"DataVersion":3465}