{"stats":{"minecraft:used":{"minecraft:wooden_axe":11,"minecraft:string":1,"minecraft:chicken":2,"minecraft:stone_pickaxe":6,"minecraft:birch_sapling":1,"minecraft:wooden_pickaxe":9,"minecraft:gravel":1,"minecraft:wooden_shovel":27,"minecraft:torch":5,"minecraft:dirt":16,"minecraft:furnace":1,"minecraft:porkchop":1,"minecraft:andesite":8,"minecraft:egg":3,"minecraft:granite":2,"minecraft:pumpkin":5},"minecraft:dropped":{"minecraft:wheat_seeds":3,"minecraft:raw_copper":12,"minecraft:wooden_axe":3,"minecraft:birch_sapling":1,"minecraft:wooden_shovel":6,"minecraft:clay_ball":28,"minecraft:oak_planks":7,"minecraft:pumpkin":3,"minecraft:apple":1,"minecraft:stone_pickaxe":1,"minecraft:stick":14},"minecraft:custom":{"minecraft:time_since_rest":1244,"minecraft:interact_with_furnace":12,"minecraft:sprint_one_cm":273,"minecraft:damage_taken":2324,"minecraft:walk_one_cm":93559,"minecraft:drop":79,"minecraft:damage_dealt":230,"minecraft:interact_with_crafting_table":27,"minecraft:fly_one_cm":3130,"minecraft:open_chest":34,"minecraft:crouch_one_cm":7562,"minecraft:play_time":27520,"minecraft:deaths":6,"minecraft:sneak_time":2268,"minecraft:walk_under_water_one_cm":19432,"minecraft:jump":228,"minecraft:walk_on_water_one_cm":2121,"minecraft:time_since_death":1217,"minecraft:total_world_time":27520,"minecraft:fall_one_cm":4366},"minecraft:picked_up":{"minecraft:birch_log":4,"minecraft:stick":4,"minecraft:feather":3,"minecraft:chicken":2,"minecraft:clay_ball":36,"minecraft:pumpkin":3,"minecraft:andesite":2,"minecraft:porkchop":1,"minecraft:flint":1,"minecraft:string":1,"minecraft:dirt":54,"minecraft:raw_copper":12,"minecraft:wheat_seeds":3,"minecraft:granite":2,"minecraft:azalea":1,"minecraft:wooden_shovel":1,"minecraft:birch_sapling":2,"minecraft:egg":1,"minecraft:cobblestone":11,"minecraft:wooden_axe":1},"minecraft:crafted":{"minecraft:oak_planks":40,"minecraft:wooden_shovel":2,"minecraft:charcoal":2,"minecraft:stick":24,"minecraft:wooden_pickaxe":1,"minecraft:stone_pickaxe":1,"minecraft:wooden_axe":2,"minecraft:furnace":1,"minecraft:torch":8,"minecraft:birch_planks":4},"minecraft:mined":{"minecraft:podzol":6,"minecraft:birch_log":3,"minecraft:andesite":1,"minecraft:clay":4,"minecraft:oak_log":3,"minecraft:grass_block":7,"minecraft:chest":2,"minecraft:gravel":2,"minecraft:dirt":26,"minecraft:copper_ore":2,"minecraft:amethyst_block":1}},"DataVersion":3465}