{"stats":{"minecraft:used":{"minecraft:wooden_axe":11,"minecraft:chicken":2,"minecraft:stone_pickaxe":6,"minecraft:birch_sapling":1,"minecraft:wooden_pickaxe":9,"minecraft:wooden_shovel":13,"minecraft:dirt":11,"minecraft:furnace":1,"minecraft:porkchop":1,"minecraft:andesite":2,"minecraft:egg":3,"minecraft:granite":2},"minecraft:dropped":{"minecraft:wheat_seeds":3,"minecraft:raw_copper":12,"minecraft:wooden_axe":3,"minecraft:birch_sapling":1,"minecraft:wooden_shovel":6,"minecraft:clay_ball":28,"minecraft:oak_planks":7,"minecraft:pumpkin":3,"minecraft:apple":1,"minecraft:stone_pickaxe":1,"minecraft:stick":14},"minecraft:custom":{"minecraft:time_since_rest":962,"minecraft:interact_with_furnace":2,"minecraft:sprint_one_cm":225,"minecraft:damage_taken":1714,"minecraft:walk_one_cm":65289,"minecraft:drop":79,"minecraft:damage_dealt":210,"minecraft:interact_with_crafting_table":25,"minecraft:fly_one_cm":3130,"minecraft:open_chest":17,"minecraft:crouch_one_cm":3447,"minecraft:play_time":21520,"minecraft:deaths":4,"minecraft:sneak_time":1164,"minecraft:walk_under_water_one_cm":11292,"minecraft:jump":199,"minecraft:walk_on_water_one_cm":1834,"minecraft:time_since_death":933,"minecraft:total_world_time":21520,"minecraft:fall_one_cm":3739},"minecraft:picked_up":{"minecraft:birch_log":4,"minecraft:stick":4,"minecraft:feather":3,"minecraft:chicken":2,"minecraft:clay_ball":36,"minecraft:pumpkin":3,"minecraft:andesite":2,"minecraft:porkchop":1,"minecraft:flint":1,"minecraft:dirt":53,"minecraft:raw_copper":12,"minecraft:wheat_seeds":3,"minecraft:granite":2,"minecraft:azalea":1,"minecraft:wooden_shovel":1,"minecraft:birch_sapling":2,"minecraft:egg":1,"minecraft:cobblestone":11,"minecraft:wooden_axe":1},"minecraft:crafted":{"minecraft:oak_planks":40,"minecraft:wooden_shovel":2,"minecraft:stick":24,"minecraft:wooden_pickaxe":1,"minecraft:stone_pickaxe":1,"minecraft:wooden_axe":2,"minecraft:furnace":1,"minecraft:birch_planks":4},"minecraft:mined":{"minecraft:podzol":6,"minecraft:birch_log":3,"minecraft:andesite":1,"minecraft:clay":4,"minecraft:oak_log":3,"minecraft:grass_block":7,"minecraft:chest":2,"minecraft:gravel":2,"minecraft:dirt":12,"minecraft:copper_ore":2,"minecraft:amethyst_block":1}},"DataVersion":3465}