{
  "gamerz_riot:root": {
    "criteria": {
      "tick": "2024-10-23 19:44:47 +0000"
    },
    "done": true
  },
  "create:root": {
    "criteria": {
      "0": "2024-10-23 19:45:15 +0000"
    },
    "done": true
  },
  "minecraft:recipes/decorations/crafting_table": {
    "criteria": {
      "unlock_right_away": "2024-10-23 19:44:47 +0000"
    },
    "done": true
  },
  "farmersdelight:main/root": {
    "criteria": {
      "seeds": "2024-10-23 19:45:15 +0000"
    },
    "done": true
  },
  "endofherobrine:story/root": {
    "criteria": {
      "requirement": "2024-10-23 19:45:14 +0000"
    },
    "done": true
  },
  "minecraft:adventure/adventuring_time": {
    "criteria": {
      "minecraft:meadow": "2024-10-23 19:44:48 +0000",
      "minecraft:plains": "2024-10-23 19:45:29 +0000"
    },
    "done": false
  },
  "parcool:grant_parcool_guide": {
    "criteria": {
      "tick": "2024-10-23 19:44:47 +0000"
    },
    "done": true
  },
  "DataVersion": 3465
}