{
  "gamerz_riot:root": {
    "criteria": {
      "tick": "2024-10-26 05:04:21 +0000"
    },
    "done": true
  },
  "minecraft:recipes/decorations/crafting_table": {
    "criteria": {
      "unlock_right_away": "2024-10-26 05:04:21 +0000"
    },
    "done": true
  },
  "minecraft:adventure/adventuring_time": {
    "criteria": {
      "minecraft:dripstone_caves": "2024-10-26 05:04:22 +0000"
    },
    "done": false
  },
  "parcool:grant_parcool_guide": {
    "criteria": {
      "tick": "2024-10-26 05:04:21 +0000"
    },
    "done": true
  },
  "DataVersion": 3465
}